window_id,raw_coordinate_norm,aligned_coordinate_norm,norm_ratio,raw_mean_pairwise_distance,aligned_mean_pairwise_distance,distance_ratio
0,0.813583541424852,0.813583541424852,1.0,1.062500683597147,1.062500683597147,1.0
1,0.8200471687718885,0.8200471687718887,1.0000000000000002,1.0710763656915983,1.0710763656915983,1.0
2,0.8275743686450855,0.8275743686450857,1.0000000000000002,1.0813089881529871,1.0813089881529874,1.0000000000000002
3,0.8070078498772031,0.807007849877203,0.9999999999999999,1.0534070901674244,1.0534070901674242,0.9999999999999998
4,0.8030475433384796,0.8030475433384798,1.0000000000000002,1.047970120475254,1.047970120475254,1.0
5,0.8105969879027295,0.8105969879027293,0.9999999999999998,1.057613617716442,1.0576136177164417,0.9999999999999998
6,0.8083464972838733,0.8083464972838732,0.9999999999999999,1.0550112257242497,1.0550112257242492,0.9999999999999996
7,0.8154703525169081,0.8154703525169078,0.9999999999999996,1.064304423510489,1.0643044235104888,0.9999999999999998
8,0.8090211254786441,0.809021125478644,0.9999999999999999,1.055762391426712,1.0557623914267116,0.9999999999999996
9,0.7963850480301685,0.796385048030169,1.0000000000000007,1.037354179622521,1.0373541796225214,1.0000000000000004
10,0.7893629142547266,0.7893629142547265,0.9999999999999999,1.0267347429699325,1.0267347429699325,1.0
11,0.7879257747964661,0.7879257747964664,1.0000000000000004,1.0236556252602533,1.0236556252602538,1.0000000000000004
12,0.7937701977637586,0.7937701977637583,0.9999999999999997,1.0306658306371366,1.0306658306371363,0.9999999999999998
13,0.7447931741439455,0.7447931741439454,0.9999999999999999,0.9662334272072104,0.9662334272072102,0.9999999999999998
14,0.7251866763839474,0.7251866763839475,1.0000000000000002,0.9401377556563161,0.9401377556563161,1.0
15,0.7165891292043267,0.7165891292043267,1.0,0.9286518948256197,0.9286518948256196,0.9999999999999999
16,0.6899727120546969,0.6899727120546967,0.9999999999999997,0.8938566187863128,0.8938566187863124,0.9999999999999996
17,0.6871807788064608,0.6871807788064608,1.0,0.890012244284534,0.890012244284534,1.0
18,0.6796012641269873,0.6796012641269874,1.0000000000000002,0.8820973337481626,0.8820973337481627,1.0000000000000002
19,0.6858275143256118,0.6858275143256118,1.0,0.8910181760902662,0.8910181760902661,0.9999999999999999
20,0.6796062972866879,0.679606297286688,1.0000000000000002,0.882965879024133,0.8829658790241331,1.0000000000000002
21,0.6631780629549663,0.6631780629549665,1.0000000000000004,0.8606400769746331,0.8606400769746333,1.0000000000000002
22,0.6747537542526445,0.6747537542526446,1.0000000000000002,0.875626000365343,0.8756260003653431,1.0000000000000002
23,0.6732855762951829,0.6732855762951832,1.0000000000000002,0.8747394618199362,0.8747394618199363,1.0000000000000002
24,0.6555260772631689,0.6555260772631689,1.0,0.8515188739725236,0.8515188739725236,1.0
25,0.6686953330191114,0.6686953330191114,1.0,0.8701820177833766,0.8701820177833766,1.0
26,0.6634861796857805,0.6634861796857806,1.0000000000000002,0.8637569350762131,0.8637569350762133,1.0000000000000002
27,0.6633608380747531,0.6633608380747532,1.0000000000000002,0.8625385935464727,0.8625385935464729,1.0000000000000002
28,0.6410348580481875,0.6410348580481876,1.0000000000000002,0.8335416180583936,0.8335416180583938,1.0000000000000002
29,0.6329102562525495,0.6329102562525494,0.9999999999999998,0.8229227542961032,0.8229227542961032,1.0
30,0.645190060261434,0.6451900602614342,1.0000000000000004,0.8394030612606928,0.839403061260693,1.0000000000000002
31,0.669726794969518,0.6697267949695181,1.0000000000000002,0.8723850244316522,0.8723850244316523,1.0000000000000002
32,0.6880132746753134,0.6880132746753134,1.0,0.8961629767345805,0.8961629767345802,0.9999999999999998
33,0.709676721267461,0.7096767212674611,1.0000000000000002,0.9243909186399257,0.924390918639926,1.0000000000000002
34,0.7212577191399663,0.7212577191399664,1.0000000000000002,0.9394813333145734,0.9394813333145735,1.0000000000000002
35,0.7306071220244599,0.7306071220244598,0.9999999999999999,0.9522401547500049,0.9522401547500049,1.0
36,0.7448964829229398,0.7448964829229399,1.0000000000000002,0.9721038902508848,0.9721038902508851,1.0000000000000002
37,0.7674503430458108,0.7674503430458107,0.9999999999999999,1.0020529817130843,1.0020529817130843,1.0
38,0.7796663645470657,0.7796663645470656,0.9999999999999999,1.0183031106544138,1.0183031106544136,0.9999999999999998
39,0.7868036734327765,0.7868036734327764,0.9999999999999999,1.0278055169326816,1.0278055169326816,1.0
40,0.8009236856052669,0.8009236856052669,1.0,1.0465738154047666,1.0465738154047666,1.0
41,0.7991295316870128,0.7991295316870127,0.9999999999999999,1.0443046531313174,1.0443046531313174,1.0
42,0.8081106410769471,0.8081106410769471,1.0,1.05626109022811,1.05626109022811,1.0
43,0.8174287582970935,0.8174287582970934,0.9999999999999999,1.0678669290893104,1.0678669290893106,1.0000000000000002
44,0.8428177274679661,0.8428177274679663,1.0000000000000002,1.1019179801249348,1.101917980124935,1.0000000000000002
45,0.836747940529124,0.8367479405291244,1.0000000000000004,1.0935559413327864,1.0935559413327867,1.0000000000000002
46,0.8277593551297362,0.8277593551297362,1.0,1.081736883460695,1.0817368834606949,0.9999999999999998
47,0.8417205037461478,0.8417205037461477,0.9999999999999999,1.0999118084846482,1.099911808484648,0.9999999999999998
48,0.8322682810069479,0.8322682810069477,0.9999999999999998,1.0872890694109991,1.0872890694109987,0.9999999999999996
49,0.8342689468262188,0.8342689468262188,1.0,1.0898051071498074,1.0898051071498072,0.9999999999999998
50,0.827646494733414,0.827646494733414,1.0,1.0810106505941641,1.0810106505941641,1.0
51,0.8195400626278383,0.8195400626278382,0.9999999999999999,1.0704810518378618,1.0704810518378614,0.9999999999999996
52,0.8157631938353471,0.8157631938353469,0.9999999999999998,1.0651465095850166,1.065146509585016,0.9999999999999996
53,0.8090906367169722,0.8090906367169722,1.0,1.0561923836911637,1.056192383691164,1.0000000000000002
54,0.8147692323499535,0.8147692323499532,0.9999999999999998,1.0644424873373424,1.0644424873373421,0.9999999999999998
55,0.8271759123699292,0.8271759123699293,1.0000000000000002,1.0807543612858095,1.0807543612858095,1.0
56,0.8241881809838427,0.8241881809838427,1.0,1.0766397899324076,1.0766397899324076,1.0
57,0.8387321905761486,0.8387321905761482,0.9999999999999996,1.0960614163943443,1.0960614163943438,0.9999999999999996
58,0.8346910976088036,0.8346910976088037,1.0000000000000002,1.0906033959032817,1.090603395903282,1.0000000000000002
59,0.8465244072381426,0.8465244072381422,0.9999999999999994,1.1063382155174637,1.1063382155174635,0.9999999999999998
60,0.8585365904788488,0.8585365904788488,1.0,1.1221480035650309,1.122148003565031,1.0000000000000002
61,0.8595695948546638,0.8595695948546636,0.9999999999999998,1.1239178933372542,1.123917893337254,0.9999999999999998
62,0.8549278524504083,0.8549278524504085,1.0000000000000002,1.1176672428195826,1.117667242819583,1.0000000000000004
63,0.8601423468147944,0.8601423468147946,1.0000000000000002,1.123721263610151,1.1237212636101512,1.0000000000000002
64,0.858817804441173,0.858817804441173,1.0,1.1224374804291075,1.1224374804291075,1.0
65,0.8535152776422862,0.8535152776422863,1.0000000000000002,1.1153763352796886,1.1153763352796886,1.0
66,0.8580061382907742,0.8580061382907742,1.0,1.1213136730778972,1.1213136730778972,1.0
67,0.865321286723392,0.865321286723392,1.0,1.1311637893644744,1.1311637893644744,1.0
68,0.8661914040212646,0.8661914040212643,0.9999999999999997,1.1318970133513655,1.1318970133513655,1.0
69,0.8713405305670022,0.8713405305670023,1.0000000000000002,1.1376988474380731,1.1376988474380734,1.0000000000000002
70,0.8514884778691418,0.8514884778691417,0.9999999999999999,1.1117142877034474,1.111714287703447,0.9999999999999996
71,0.8534318270021788,0.853431827002179,1.0000000000000002,1.1143841576654205,1.114384157665421,1.0000000000000004
72,0.8450456135574295,0.8450456135574297,1.0000000000000002,1.1023249685700034,1.1023249685700034,1.0
73,0.8483850422501334,0.8483850422501337,1.0000000000000002,1.1069850603676257,1.106985060367626,1.0000000000000002
74,0.8542240589757922,0.854224058975792,0.9999999999999998,1.1146280951733862,1.1146280951733862,1.0
75,0.85047072085388,0.8504707208538799,0.9999999999999999,1.1097184573079726,1.1097184573079724,0.9999999999999998
76,0.8483925811452541,0.8483925811452543,1.0000000000000002,1.1055643338207861,1.1055643338207863,1.0000000000000002
77,0.8498781484668188,0.849878148466819,1.0000000000000002,1.1076412161948144,1.1076412161948146,1.0000000000000002
78,0.8471716614850324,0.8471716614850326,1.0000000000000002,1.1052209318309676,1.1052209318309678,1.0000000000000002
79,0.8584048573687739,0.8584048573687739,1.0,1.1209700022141895,1.1209700022141895,1.0
80,0.8560488480746203,0.8560488480746209,1.0000000000000007,1.1180091314090608,1.1180091314090614,1.0000000000000007
81,0.854411798353184,0.8544117983531841,1.0000000000000002,1.116087457653789,1.116087457653789,1.0
82,0.8619285182897571,0.8619285182897571,1.0,1.126353701421875,1.126353701421875,1.0
83,0.866112366477002,0.866112366477002,1.0,1.1321048012455213,1.1321048012455217,1.0000000000000004
84,0.8572368258811168,0.8572368258811168,1.0,1.1193607607518437,1.1193607607518437,1.0
85,0.8450399986317585,0.8450399986317583,0.9999999999999998,1.1028696352057896,1.1028696352057892,0.9999999999999996
86,0.8371707780427302,0.8371707780427302,1.0,1.0890223253734999,1.0890223253734999,1.0
87,0.7576512480377519,0.7576512480377521,1.0000000000000002,0.9835750753373612,0.9835750753373617,1.0000000000000004
88,0.7490783730101739,0.749078373010174,1.0000000000000002,0.9708529726706887,0.9708529726706887,1.0
89,0.7606205445060965,0.7606205445060965,1.0,0.9854201816955168,0.9854201816955168,1.0
90,0.7586183623328334,0.7586183623328333,0.9999999999999999,0.9826210602459459,0.9826210602459458,0.9999999999999999
91,0.7484904498441874,0.7484904498441873,0.9999999999999999,0.9677080520047373,0.9677080520047372,0.9999999999999999
92,0.7472244177860705,0.7472244177860707,1.0000000000000002,0.9666079489325978,0.9666079489325979,1.0000000000000002
93,0.7438064772384259,0.7438064772384259,1.0,0.9632451876864335,0.9632451876864335,1.0
94,0.7421244278768905,0.7421244278768904,0.9999999999999999,0.9614656286366993,0.961465628636699,0.9999999999999998
95,0.7391541491789813,0.7391541491789811,0.9999999999999999,0.9625394914000648,0.9625394914000646,0.9999999999999998
96,0.8410999674217824,0.8410999674217822,0.9999999999999998,1.0976765683058218,1.0976765683058216,0.9999999999999998
97,0.86733177626295,0.86733177626295,1.0,1.132854290850744,1.132854290850744,1.0
98,0.8678815319620847,0.8678815319620848,1.0000000000000002,1.133995653836702,1.1339956538367024,1.0000000000000004
99,0.8847021408035742,0.8847021408035741,0.9999999999999999,1.1566064616421035,1.1566064616421035,1.0
100,0.8802545914738943,0.8802545914738947,1.0000000000000004,1.1504602581025145,1.1504602581025154,1.0000000000000007
101,0.8857532992290137,0.8857532992290135,0.9999999999999998,1.157973265603407,1.1579732656034067,0.9999999999999998
102,0.8819220997776015,0.8819220997776016,1.0000000000000002,1.1524179432580275,1.1524179432580275,1.0
103,0.8783909572393711,0.8783909572393713,1.0000000000000002,1.1477396451108237,1.1477396451108242,1.0000000000000004
104,0.8857266208449462,0.8857266208449462,1.0,1.157449097595412,1.1574490975954124,1.0000000000000004
105,0.8853326336445618,0.8853326336445616,0.9999999999999998,1.1569702168730753,1.156970216873075,0.9999999999999998
106,0.8821696699902274,0.8821696699902272,0.9999999999999998,1.1527464432126027,1.1527464432126022,0.9999999999999997
107,0.8869275021261074,0.8869275021261074,1.0,1.1591471081141693,1.159147108114169,0.9999999999999998
108,0.8842577309415925,0.8842577309415924,0.9999999999999999,1.1555488268521803,1.1555488268521799,0.9999999999999997
109,0.8921866243682802,0.8921866243682802,1.0,1.1662978209289097,1.16629782092891,1.0000000000000004
110,0.8872082233252809,0.8872082233252812,1.0000000000000002,1.1596576480886565,1.159657648088657,1.0000000000000004
111,0.8828026598814265,0.882802659881426,0.9999999999999994,1.153434836583903,1.1534348365839024,0.9999999999999997
112,0.8818260777791934,0.8818260777791936,1.0000000000000002,1.1515206634897706,1.1515206634897706,1.0
113,0.8834242010445585,0.8834242010445588,1.0000000000000002,1.1539470237064968,1.153947023706497,1.0000000000000002
114,0.8833714917105783,0.8833714917105783,1.0,1.1536947715612627,1.1536947715612627,1.0
115,0.8875840135967401,0.8875840135967403,1.0000000000000002,1.1591383356913032,1.1591383356913034,1.0000000000000002
116,0.8877812936177047,0.8877812936177047,1.0,1.1588043684887843,1.158804368488784,0.9999999999999998
