mean_correlation,median_correlation,market_volatility,cross_sectional_dispersion,pca_first_component_ratio,mean_pairwise_distance,mean_correlation_distance,window_id,window_start,window_end,cluster_count,silhouette_score,adjacent_window_ari,sector_cluster_ari,sector_cluster_nmi,pca_stock_projection_pc1_ratio
0.2426987299370371,0.22653188344955538,0.10471426225932368,0.011727108899960958,0.2819731000929384,1.062500683597147,1.2188460583965586,0,2021-06-23,2021-10-28,6,0.053886641505930845,,0.11641294138434498,0.41852785737238823,0.18079293780345113
0.2324681584733128,0.22120434411578918,0.10481743358495187,0.012141180273958524,0.2730298784470068,1.0710763656915983,1.2275637936283286,1,2021-07-08,2021-11-11,6,0.10344087971961605,0.4117729267406434,0.18960872564801734,0.47915141435614067,0.17316855098462575
0.2184945170735688,0.2076015170542037,0.10216729304446864,0.012479953475773513,0.2580027226444283,1.0813089881529874,1.2395143694841577,2,2021-07-22,2021-11-26,6,0.10680207024480973,0.7828411698217924,0.17409424018813074,0.47023954542718904,0.16048412892169317
0.25709808640145265,0.2446903209155834,0.11794232714402829,0.012916167989789954,0.2970366821723672,1.0534070901674242,1.2073829904028088,3,2021-08-05,2021-12-10,6,0.10835225994541202,0.5856051608723818,0.20908356652770185,0.4739859429964674,0.15711644090896598
0.26824182292425025,0.26310861535109276,0.12834375512603363,0.013480702382430826,0.30740176082380544,1.047970120475254,1.1972880932867047,4,2021-08-19,2021-12-27,6,0.11623468956163924,0.6947418189186451,0.28041714947856317,0.5528766545647877,0.1663288482541997
0.25588551444713475,0.2525310896720568,0.12986137978959023,0.013889966419362045,0.2963951281648764,1.0576136177164417,1.207048003549376,5,2021-09-02,2022-01-10,6,0.10033780649643101,0.7449845722617178,0.1906319368035758,0.4667386676846072,0.18624424837360487
0.26004265414448485,0.2567751131328502,0.13967065270729326,0.014619648456047423,0.30068333218324217,1.0550112257242492,1.2044981488930464,6,2021-09-17,2022-01-25,6,0.12369147624711867,0.7456062072218298,0.2817990123828684,0.5758136764447207,0.18249330985169732
0.2410743464099274,0.25032056891433824,0.14163400351116465,0.015408466546079157,0.2824954456579936,1.0643044235104888,1.221118036509684,7,2021-10-01,2022-02-08,6,0.12161643173904232,0.7270504183548704,0.22748360177973767,0.5162876293434269,0.16685129045897615
0.25531476237445067,0.2603250418742833,0.15284236797657053,0.015904858782872823,0.2972476419187053,1.0557623914267116,1.2092221871406557,8,2021-10-15,2022-02-23,6,0.1222321664360435,0.6813831783261016,0.2563786537068623,0.5242122188473958,0.16811395641973376
0.28360533527656734,0.2919060083597188,0.1725773932791722,0.016673112948931517,0.334295067247303,1.0373541796225214,1.1823564634095811,9,2021-10-29,2022-03-09,6,0.10195217483150688,0.39267691585494663,0.137555839116515,0.4536438576489976,0.19504263580756323
0.3011330159997444,0.3140711134354527,0.1833051538464548,0.016767725907688623,0.36053008996922525,1.0267347429699325,1.1651166724984234,10,2021-11-12,2022-03-23,6,0.12364218772311253,0.9394285498532202,0.15280800175687276,0.4698808965411529,0.20646191580097217
0.30574082689237786,0.3156353330584295,0.1869140167160635,0.016712236767588297,0.3701755425498231,1.0236556252602538,1.159092845215138,11,2021-11-29,2022-04-06,6,0.17140884492412792,0.9107357132143393,0.146162556764897,0.4917327948040067,0.22400821144247407
0.29321275311232303,0.3052635741842419,0.18232397776532616,0.016649356798764142,0.3621476401778494,1.0306658306371363,1.1692473657595543,12,2021-12-13,2022-04-21,6,0.1522361595182166,0.9690377007127312,0.15424063417633066,0.5000477069418079,0.2240600097431041
0.37454867398846775,0.38854949607843886,0.2136147258182966,0.016724188024825507,0.4234802275865257,0.9662334272072102,1.099838822199206,13,2021-12-28,2022-05-05,6,0.1636531628337113,0.924492548397536,0.16850075699405262,0.5117412009298766,0.21438262033602404
0.40962412962755923,0.4189012206108544,0.23381898296645034,0.017204536073241065,0.4541983863868999,0.9401377556563161,1.0675540150583536,14,2022-01-11,2022-05-19,6,0.17735270941417744,0.8339771691479665,0.15850793029175642,0.47533240749465794,0.21802860194228244
0.42473231354210755,0.43525458425981084,0.24238250355478694,0.017385395771900347,0.46734199418279215,0.9286518948256196,1.0525062791168076,15,2022-01-26,2022-06-03,6,0.1743642045679111,0.7625223613595706,0.17172875327592663,0.49132850216032403,0.2379632671560796
0.46930318425839285,0.47747797689591076,0.25694539319214543,0.016945322547762227,0.5050462380228452,0.8938566187863124,1.0095845050793792,16,2022-02-09,2022-06-17,6,0.1857119464279204,0.7563592502164334,0.1592488278926373,0.480523857443255,0.2493444201251904
0.4707134121433129,0.4770058237249514,0.25993270283825093,0.01721938357549281,0.5046050428772476,0.890012244284534,1.0085132078738497,17,2022-02-24,2022-07-05,6,0.20840660785895812,0.8891735821637539,0.16506632507225358,0.5022273978495834,0.2511671305271503
0.4859922478644307,0.497297535892597,0.2556085775545628,0.016495643861198638,0.5157890817195516,0.8820973337481627,0.9957806013891362,18,2022-03-10,2022-07-19,6,0.2065568318603693,0.9123505976095617,0.208352455254704,0.5744845623443576,0.23255393802965482
0.47559990910011135,0.4729873763064439,0.25436070312040265,0.016707101556406128,0.5048599622226753,0.8910181760902661,1.0067046532574337,19,2022-03-24,2022-08-02,6,0.18110728095698203,0.9397590361445783,0.17600421094186927,0.5204423702133523,0.23187821794958555
0.4812229440412512,0.4846517080187721,0.2544423449283942,0.016593600377543007,0.5105511906828051,0.8829658790241331,1.0016871502041265,20,2022-04-07,2022-08-16,6,0.1677089257436809,0.9413454492158875,0.18251325970656443,0.5145386183513736,0.21290160765477148
0.5100442568940962,0.5126748156761184,0.26135952806396406,0.016122224196509192,0.5380292718293198,0.8606400769746333,0.9719190507150675,21,2022-04-22,2022-08-30,6,0.19697767721089793,0.8678391084798885,0.1599452138182925,0.49280158331881135,0.22080612243003298
0.49288386360393294,0.5000764826918643,0.24526189593601244,0.015606985405932543,0.52307275316976,0.8756260003653431,0.988769757350456,22,2022-05-06,2022-09-14,6,0.18337342030645462,0.8876639687412783,0.19243523412318753,0.532429736031514,0.2203515213409007
0.49085797624361555,0.494609855236161,0.23338996947511953,0.015035152518748249,0.51827080824281,0.8747394618199363,0.9926368929511051,23,2022-05-20,2022-09-28,6,0.17093211512014947,0.9793643831246511,0.21047828528640958,0.5672618622223449,0.2163515966036862
0.5158415754569279,0.5155241032801381,0.23794976630254067,0.01470419867464981,0.5409432144600946,0.8515188739725236,0.9685737011563335,24,2022-06-06,2022-10-12,6,0.17943540847757294,0.9305725446868958,0.1895392958780047,0.5486926574836987,0.19359426765995846
0.49691745708583024,0.5033068227478517,0.23223962987999763,0.01489345551222568,0.5213889471035178,0.8701820177833766,0.989002515420979,25,2022-06-21,2022-10-26,6,0.15678848001286844,0.9898982011965995,0.20257489643467289,0.5738890162159658,0.18319040972864187
0.4990621319864934,0.5027583101397161,0.23111494493620233,0.014910238869589585,0.5227809782740557,0.8637569350762133,0.9884389076701118,26,2022-07-06,2022-11-09,6,0.14541181255728097,0.778825055808895,0.16047472774103838,0.523374523140272,0.15581390941709047
0.49878769244521676,0.5012388510945196,0.23690687824677714,0.015151804778332618,0.5246433900123258,0.8625385935464729,0.9875764533461772,27,2022-07-20,2022-11-23,6,0.12926185020628705,0.8291362981713438,0.1673193655766595,0.5179624726314469,0.1632794452521941
0.5305127443646699,0.537402351495178,0.2401790460477076,0.014601952921730737,0.5532783234929407,0.8335416180583938,0.9563308946306068,28,2022-08-03,2022-12-08,6,0.10565406981414335,0.4690376569037657,0.06575522978092571,0.40773789261526244,0.14027109659152082
0.5427620859471618,0.5484413287220511,0.24317014574518653,0.014625982047405077,0.5642858549062325,0.8229227542961032,0.9439848341781703,29,2022-08-17,2022-12-22,6,0.08714599180164208,0.5491654382043845,0.1015825760219192,0.4498272411128914,0.13899722003409032
0.5216099312281295,0.526368248650242,0.23784550985367617,0.014945351027174711,0.5439042713674741,0.839403061260693,0.9664499295525791,30,2022-08-31,2023-01-09,6,0.10369455468341977,0.792118348660018,0.11463106932209055,0.4753212545448002,0.13593799379127838
0.4878960475530534,0.4963455804969957,0.22739604328656687,0.015172476264065808,0.5117372873700753,0.8723850244316523,1.000982516197641,31,2022-09-15,2023-01-24,6,0.06351449014711873,0.6234823336819608,0.044888067265537304,0.330165979497748,0.14475004020161947
0.45783593633498654,0.46489366946988103,0.22081567575516392,0.01564067748016291,0.4841227440817767,0.8961629767345802,1.0299240893940713,32,2022-09-29,2023-02-07,6,0.08729831380937385,0.5346896483858706,0.1015825760219192,0.43420575448422183,0.16203543414596236
0.42359897970972565,0.4331585573449807,0.20581548056531027,0.015559843222416764,0.453262611124547,0.924390918639926,1.0622143997308127,33,2022-10-13,2023-02-22,6,0.08321305221241708,1.0,0.1015825760219192,0.43420575448422183,0.16466051741284682
0.40316025593668686,0.4072424536131359,0.1904849645519875,0.015043959199963514,0.4358122586097149,0.9394813333145735,1.08090993969312,34,2022-10-27,2023-03-08,6,0.10378783241536359,0.6249478407917951,0.16989918901022533,0.4945030188463428,0.16355620487790207
0.3901641319733016,0.3927598018912275,0.1870553276012371,0.01487509927628617,0.4225095820286997,0.9522401547500049,1.092815615807838,35,2022-11-10,2023-03-22,6,0.10702000982074243,0.603135307388187,0.11676561172374515,0.4409724258756868,0.16957646606136337
0.36311488276284665,0.36043535061195425,0.16991089279818716,0.014525555500990724,0.39103337597372,0.9721038902508851,1.118536288632592,36,2022-11-25,2023-04-05,6,0.10521974087172958,0.34956222227577677,0.21830458040409317,0.5111870930874169,0.1701131282118517
0.327243886167975,0.3257334004347363,0.15587070858598367,0.01440539269095839,0.3568801295646404,1.0020529817130843,1.1502264743977633,37,2022-12-09,2023-04-20,6,0.09487621343350361,0.8135462792657947,0.21110516224149892,0.5042063685714127,0.1666817271781232
0.3057851920371977,0.30688054381416446,0.14941413831480843,0.01438635830649937,0.33686483303226095,1.0183031106544136,1.1689706145188694,38,2022-12-23,2023-05-04,6,0.10137531353921961,0.6587139046969599,0.2478766139768506,0.5534551848518291,0.16423482717767507
0.2925104937932467,0.29773416424476384,0.1434298116532014,0.014202020785377469,0.32376073436870423,1.0278055169326816,1.1804045888916612,39,2023-01-10,2023-05-18,6,0.08020000685747655,0.9023456827057391,0.27746983025957517,0.5746098445296144,0.16863381246468892
0.2679558972997596,0.272264222397028,0.13863846068600494,0.014425873534796366,0.30148456165864984,1.0465738154047666,1.2007251256270406,40,2023-01-25,2023-06-02,6,0.08074783528183521,0.5307829144641611,0.21177469144773942,0.49046077943072297,0.16427698516027733
0.2681641754912945,0.265699937694486,0.13351407321754355,0.014036458439455708,0.2998532716321518,1.0443046531313174,1.2005531078669593,41,2023-02-08,2023-06-16,6,0.11473943402817524,0.7227390508104738,0.2511372144380619,0.5548563399051932,0.15385326757520107
0.2521377781811481,0.24329341701887275,0.12632234191722608,0.013912624369083805,0.2833597928186797,1.05626109022811,1.2137335568808139,42,2023-02-23,2023-07-03,6,0.12413807750357489,0.8400465693723953,0.27148447590019115,0.5483015013752427,0.14581851165247633
0.23490529266937774,0.2230270926539456,0.12251370929280296,0.014041517442647946,0.2686854410666272,1.0678669290893106,1.227462033575649,43,2023-03-09,2023-07-18,6,0.1068369436476381,0.8312616716235043,0.24428724970209584,0.5050535100906355,0.1490102415070992
0.18431785049964328,0.17929744822410162,0.1052706468316421,0.01394924475397555,0.21803439907721575,1.101917980124935,1.2686033503064964,44,2023-03-23,2023-08-01,6,0.10834664813581334,0.7438740233106859,0.2682868836607689,0.5511176460048172,0.15418834066702397
0.19180808547931483,0.1806035848614376,0.10803170220166716,0.013924729688217808,0.22588527671637237,1.0935559413327867,1.2629439525741815,45,2023-04-06,2023-08-15,6,0.11354799267095413,0.8311527292896995,0.28617640057860266,0.5473558417764377,0.15308719962844172
0.21360746945887132,0.2059070411565771,0.11486031074182204,0.013895013860943403,0.2489306935289848,1.0817368834606949,1.2450483119120532,46,2023-04-21,2023-08-29,6,0.12376950616658855,0.9340615719368403,0.2869703946772059,0.5631280045334912,0.16231752280536932
0.18335197053582505,0.17513688676093084,0.10441832222715268,0.013733309510473813,0.21804440753990834,1.099911808484648,1.2690741339135259,47,2023-05-05,2023-09-13,6,0.12451663307778683,1.0,0.2869703946772059,0.5631280045334911,0.16358505515087415
0.20117091686515506,0.19864151693166912,0.10844391524159774,0.013517764512592087,0.23548999846404456,1.0872890694109987,1.2554502831648295,48,2023-05-19,2023-09-27,6,0.11458369366238606,0.9750072442770211,0.2762452220806542,0.5469962557553574,0.15654997352096203
0.19402144095464327,0.1899812194674963,0.10589678688342921,0.013326507194668814,0.2318916486982967,1.0898051071498072,1.261077767785204,49,2023-06-05,2023-10-11,6,0.10931187032474894,0.7316643872272106,0.16672765864012296,0.4563314898977028,0.15845525319244666
0.20740707042334655,0.20239603819970814,0.11213494084839938,0.013460994459666045,0.2473293544556434,1.0810106505941641,1.2506181162841123,50,2023-06-20,2023-10-25,6,0.09578112645954684,0.46196570637940404,0.17977504901454958,0.5246038633765507,0.15358698581382027
0.22427544267000063,0.226834149722434,0.11840591233233594,0.013661017908728071,0.2608689569238093,1.0704810518378614,1.236963952944798,51,2023-07-05,2023-11-08,6,0.09590329217794044,0.9764348733516744,0.18002368403495897,0.5161481962461344,0.1653552539451356
0.23214757608710823,0.22956947503927116,0.12155439936775489,0.01361712251773615,0.27125535884872354,1.065146509585016,1.2301037734980296,52,2023-07-19,2023-11-22,6,0.0834030715685317,0.712945021419496,0.10681487534509686,0.3941444982786371,0.1681304881698151
0.24462186333670763,0.23783755041666035,0.12126201094104348,0.013157821161380003,0.2844088111552469,1.056192383691164,1.2198204266026353,53,2023-08-02,2023-12-07,6,0.09227130183424519,0.889642955350245,0.1276408433328267,0.4437117490453519,0.16304031514176692
0.2340164120052825,0.22997014000060106,0.12081851532114803,0.013324597096255393,0.2712284314221055,1.0644424873373421,1.2287247159477646,54,2023-08-16,2023-12-21,6,0.10522822398620271,0.43791266899778003,0.12369227774804145,0.3901886581734271,0.15398721483042724
0.21348367143477423,0.20294200825103478,0.11391113273477417,0.01322130899559519,0.2541996891815514,1.0807543612858095,1.244722919867599,55,2023-08-30,2024-01-08,6,0.12429938995050395,0.8597400160535396,0.14396942646094174,0.4118542633132539,0.16064830008299924
0.22106345350750317,0.2132139421250931,0.11637349093630504,0.013277183702247165,0.2635384947596808,1.0766397899324076,1.2382119995736995,56,2023-09-14,2024-01-23,6,0.09772145552107663,0.8382698264218149,0.14659666737988009,0.4027385761372048,0.1656171923573537
0.18950517051320998,0.17945940176208178,0.10922196068603578,0.013804074411854604,0.2316623216819757,1.0960614163943438,1.2638981820226018,57,2023-09-28,2024-02-06,6,0.10422731844602644,0.8122167840881022,0.17927238503941545,0.43792281230285424,0.1633152955814405
0.19599921605876502,0.18026294955763977,0.1101298001864086,0.013556940502729485,0.2339797106461987,1.090603395903282,1.258914438315605,58,2023-10-12,2024-02-21,6,0.09157841140586834,0.8974383253654895,0.17025478755315818,0.431704317856262,0.1658566308637482
0.17630414250432114,0.15721747819511322,0.10066217595917303,0.01349075063438918,0.2160733556969841,1.1063382155174635,1.274049535701511,59,2023-10-26,2024-03-06,6,0.08820362551476722,0.7235159027796473,0.12067054357521258,0.36735500887385486,0.16938583497992837
0.1498426914679955,0.1338114095616775,0.09368025994423816,0.01350622346728228,0.19465966770519877,1.122148003565031,1.2952658958035723,60,2023-11-09,2024-03-20,6,0.09354910286419614,0.5324598480237359,0.15360171966634734,0.4092468288401167,0.15219370893310447
0.14621223568905306,0.13313928680746695,0.09090297591195529,0.01345985566334926,0.18426256119419862,1.123917893337254,1.2982510768487447,61,2023-11-24,2024-04-04,6,0.10168492962156747,0.42973058248998103,0.18770674309499863,0.43406460116941475,0.15934251268766655
0.15683493136922652,0.14691581045191487,0.09661465556667254,0.01378464690888838,0.19569940897162622,1.117667242819583,1.2895805359634873,62,2023-12-08,2024-04-18,6,0.09278710151195767,0.8183360636555114,0.16475978614622544,0.4118287020315804,0.17084147696314073
0.14601336685484753,0.13096793014566063,0.09572147207332038,0.014245633007100396,0.19220834544090265,1.1237212636101512,1.2977239020854061,63,2023-12-22,2024-05-02,6,0.07027003065372799,0.595570220868713,0.13374501515673684,0.39043957713860716,0.18325328351337938
0.14878659630059046,0.1337347484518516,0.0968251523833614,0.014347856294836096,0.19219662036047125,1.1224374804291075,1.296362782580098,64,2024-01-09,2024-05-16,6,0.07472963848316087,0.6193962491224552,0.10307240373993239,0.37991988083044825,0.1699333025495133
0.1603656101068771,0.15983128335334013,0.0996000526189327,0.014449777341092072,0.19749402193022367,1.1153763352796886,1.2872462207080042,65,2024-01-24,2024-05-31,6,0.06501379527125038,0.6017715860804551,0.09983746174172575,0.35726661250641456,0.18297025522102606
0.1497194485799142,0.14541639384024896,0.09508273137630005,0.01420200294665554,0.18549899995023805,1.1213136730778972,1.2957368390855244,66,2024-02-07,2024-06-14,6,0.07455995845997596,0.5335987498139604,0.05340940978393041,0.32822660478911486,0.18042731549436392
0.13345752297083352,0.12670993961347465,0.08970909245605248,0.014491899687880925,0.17269592639668394,1.1311637893644744,1.3085729626353144,67,2024-02-22,2024-07-01,6,0.06393999865517752,0.7058934145699349,0.07468745877973355,0.32798808350418435,0.1772561749672473
0.13188280009131717,0.13079035298487765,0.08871256145213571,0.014519346929022056,0.18081889825445893,1.1318970133513655,1.309375321634468,68,2024-03-07,2024-07-16,6,0.0631049633612216,0.401821524610865,0.19201798831121467,0.4416533153793148,0.18377630564463004
0.13027241953059499,0.12981615634108115,0.09293843172618448,0.014881192182820312,0.18896389191531146,1.1376988474380734,1.3085622892698863,69,2024-03-21,2024-07-30,6,0.08086872678568985,0.6949302416977795,0.2330622472981075,0.472319021684144,0.2170819841449547
0.17343685502656053,0.18339324765687812,0.11584524910129324,0.015478210141199404,0.21636395341211065,1.111714287703447,1.2748124154260025,70,2024-04-05,2024-08-13,6,0.08894184831930563,0.6373379408672958,0.17778452767588027,0.4243344413111568,0.2202242253640882
0.17102815396101467,0.18001174821875393,0.1152874763533536,0.015228070179445701,0.22123998605136969,1.114384157665421,1.2764428425260708,71,2024-04-19,2024-08-27,6,0.09405401071642523,0.7816594957636889,0.15124565340385362,0.41617604728996954,0.21705767242782437
0.18913225587798824,0.20625309148481935,0.12125896065182624,0.014983793693376758,0.2472316361174547,1.1023249685700034,1.2606661161521677,72,2024-05-03,2024-09-11,6,0.08591155019628725,0.7706868317117811,0.16341180793036203,0.4014927884567745,0.23435006904321576
0.187072457804957,0.20420029655419902,0.12165407847583844,0.015105885275049127,0.24770378626209755,1.106985060367626,1.261989916237627,73,2024-05-17,2024-09-25,6,0.10734928065604799,0.8361949067191022,0.14043575918107978,0.3969606599400187,0.23927310373596225
0.17748864779801551,0.2024487237033656,0.11981224458138431,0.014985992495588055,0.2523978473379325,1.1146280951733862,1.2693104931324857,74,2024-06-03,2024-10-09,6,0.1027588772380251,0.8667054744769961,0.1511791599938007,0.41859169168010396,0.23037500900459157
0.18341062000303313,0.20863997629742911,0.12189993333601536,0.014995867525869401,0.2558009475042452,1.1097184573079724,1.265125203325284,75,2024-06-17,2024-10-23,6,0.11160985397287633,0.8386677751221033,0.20633906319892645,0.47454276558612046,0.21823677227430388
0.18829106227952389,0.20200773810304867,0.12839938049874985,0.015187149871150002,0.27694075473472635,1.1055643338207863,1.259081805235576,76,2024-07-02,2024-11-06,6,0.10462745617784977,0.813783797291219,0.23445824864396791,0.48223518449507885,0.23407234091867224
0.18151941005382638,0.18248132847032203,0.12798702434174294,0.015336832010209366,0.27037881175083106,1.1076412161948146,1.2649514196588816,77,2024-07-17,2024-11-20,6,0.06908112600751065,0.5283917845049092,0.1062329507437336,0.3884664766092481,0.22124084041505973
0.18063688766159353,0.1799201336787624,0.12287169643224108,0.01492074848226114,0.25453537906777546,1.1052209318309678,1.2676303628807195,78,2024-07-31,2024-12-05,6,0.07326742921864311,0.8836503439902873,0.14620189586722665,0.46434060043770814,0.20595123892511236
0.1567354325448715,0.15116994981587176,0.1091958422400458,0.014767907029383827,0.22061165688820789,1.1209700022141895,1.2877986291872614,79,2024-08-14,2024-12-19,6,0.09159116175909934,0.3726778967254408,0.22289615369200144,0.4622269508636336,0.18244012224326844
0.16434484432845725,0.1612575911651427,0.10947316345584873,0.014684860660453625,0.22313175226643783,1.1180091314090614,1.2817971815790505,80,2024-08-28,2025-01-06,6,0.0936279354469141,0.7336861064808081,0.16540789787504684,0.41377509256390255,0.1845233409977458
0.16186493915205247,0.15628365469378203,0.10684001959284797,0.014662451660972096,0.21582805702354116,1.116087457653789,1.2840216555440853,81,2024-09-12,2025-01-22,6,0.09111176136740934,0.4141730500735821,0.1652330801829396,0.45665921958423433,0.16992271518513916
0.15205318734297174,0.14667484773821593,0.10572453440377491,0.015191006812612236,0.19964917738899213,1.126353701421875,1.291428092667985,82,2024-09-26,2025-02-05,6,0.08575308472871992,0.8315338288752645,0.16800443443018293,0.4573334324945857,0.18682098823903803
0.14434036025257718,0.14338721435847496,0.10547707298880124,0.015532057161529951,0.19100347125638925,1.1321048012455217,1.298023888500768,83,2024-10-10,2025-02-20,6,0.08271758990325523,0.8004111174023288,0.13405128384436524,0.4311489380539474,0.1824387041112237
0.16482121518894954,0.1649098306228045,0.11960572921878034,0.01613212616573941,0.22044133646380962,1.1193607607518437,1.2799566064447556,84,2024-10-24,2025-03-06,6,0.09255459904550119,0.8292889534161554,0.18313657140977999,0.48150192433438765,0.21524745964028327
0.18805833269468528,0.19470066140524991,0.12689766830047997,0.016326245468565294,0.23594820896631435,1.1028696352057892,1.2617479672919787,85,2024-11-07,2025-03-20,6,0.09418617511181236,0.5973605037367776,0.09365803875102434,0.40105752404621453,0.2262696119435668
0.2106733935380873,0.2346867832245353,0.14176788335369134,0.01649537797644726,0.2938656745573641,1.0890223253734999,1.2384691713260156,86,2024-11-21,2025-04-03,6,0.12160369554069313,0.9193031565615747,0.10217355005029669,0.39432239299294913,0.2697258479466198
0.36067116300323593,0.3904139359809473,0.20583125858033752,0.01700658046028123,0.40972726291228095,0.9835750753373617,1.1103008517266355,87,2024-12-06,2025-04-17,6,0.12676611288392484,0.6504546006496463,0.10873890192119251,0.3858743967699662,0.2841395149439401
0.3756358075640585,0.410999721427815,0.21376070710291709,0.016834886056312393,0.4256536422521663,0.9708529726706887,1.0951557820362623,88,2024-12-20,2025-05-02,6,0.13635574639620163,1.0,0.10873890192119251,0.3858743967699662,0.302259059828581
0.3575462258790698,0.4011463109243715,0.21547750073994337,0.017575201376931252,0.41411663143553085,0.9854201816955168,1.1105068630552206,89,2025-01-07,2025-05-16,6,0.13147881698934522,1.0,0.10873890192119251,0.3858743967699662,0.3072058815117521
0.36465568142829535,0.41498279844547314,0.2145244867262621,0.017124472403974186,0.4229245200245403,0.9826210602459458,1.1027156001185014,90,2025-01-23,2025-06-02,6,0.1236055324886547,0.8102665210104154,0.07488563120636921,0.34981547755258047,0.31974438734777816
0.3770337873746694,0.4245971411864135,0.2152362413207527,0.016783390560648835,0.4372961939384858,0.9677080520047372,1.091054069054478,91,2025-02-06,2025-06-16,6,0.13553584015353481,1.0,0.07488563120636921,0.34981547755258047,0.3136391229867166
0.3812917202539973,0.4301949017405037,0.21627316237830907,0.016672321423385667,0.4372698143375838,0.9666079489325979,1.0873295366989002,92,2025-02-21,2025-07-01,6,0.12731730070643185,1.0,0.07488563120636921,0.34981547755258047,0.32057470608132443
0.3858069292967557,0.42620759486960985,0.20857034745427339,0.01605336285112034,0.4388870615012949,0.9632451876864335,1.084974109899279,93,2025-03-07,2025-07-16,6,0.14429996453311816,0.8104324748626323,0.11561420671205255,0.4526752203294067,0.30326996812962403
0.3861596685762727,0.42676965684691154,0.20041511936321393,0.015603013897314484,0.4382646357640497,0.961465628636699,1.085824352119249,94,2025-03-21,2025-07-30,6,0.10248402657760586,0.8315231118969437,0.08255700241906429,0.3871646735222588,0.2883480163895037
0.386214035124982,0.4018375058028981,0.191239538967875,0.015433469885628373,0.4233274906475491,0.9625394914000646,1.0926618969229034,95,2025-04-04,2025-08-13,6,0.09441913698368616,0.7927927927927928,0.08668569945497015,0.37230733895412915,0.22659085282681637
0.1958803000491456,0.20737323657443196,0.11710434663375913,0.014843440209949807,0.25517655751991397,1.0976765683058216,1.2555319356963572,96,2025-04-21,2025-08-27,6,0.09747374982188713,0.49576339997898417,0.15641066703635273,0.46734051970648405,0.21378549169662567
0.1390976139227105,0.14067104674484704,0.0971403009535302,0.014888683474434896,0.20713506215841893,1.132854290850744,1.3010610010408905,97,2025-05-05,2025-09-11,6,0.09768462930875783,0.3564832126055462,0.09854744906082108,0.4217456501502427,0.1890745943384161
0.12942624505046385,0.1291799106889301,0.08790304761710147,0.014524559370681108,0.1816810855960553,1.1339956538367024,1.3107900477321166,98,2025-05-19,2025-09-25,6,0.08470418096367707,0.45227557009525643,0.14476261276072566,0.46688273179487416,0.1560158796526305
0.09611885589302509,0.09588880190773826,0.07751281735737171,0.014936012691985669,0.15213709402986347,1.1566064616421035,1.3366095879817939,99,2025-06-03,2025-10-09,6,0.08459315015938224,0.7830542422619187,0.13860800422221126,0.4599211179679995,0.14822804380332363
0.10564838656576704,0.11245787861759202,0.0850957904190656,0.015065187623309755,0.1627701309148837,1.1504602581025154,1.329207295960487,100,2025-06-17,2025-10-23,6,0.09138939742189342,0.5601282477577562,0.14155086173119685,0.48201022597985654,0.16292963039163832
0.09545412790115985,0.0998498896074093,0.08474765886132275,0.01537223674255279,0.15828976944525164,1.1579732656034067,1.337092117923945,101,2025-07-02,2025-11-06,6,0.06256893889865595,0.8160459398499422,0.10937693227255864,0.4008913286294124,0.16249253711496753
0.10167769322810652,0.10559143407176298,0.09183599613715543,0.01573593007890782,0.17306785017179543,1.1524179432580275,1.3318302195474134,102,2025-07-17,2025-11-20,6,0.06706665015363134,0.5196369558958139,0.14277978051849452,0.4404585508698821,0.17391674458200693
0.10803390121750801,0.10319966472510637,0.0956566163858043,0.015934897896830478,0.172466556886347,1.1477396451108242,1.3269591742564444,103,2025-07-31,2025-12-05,6,0.08009740808709807,0.5642697703382434,0.11815941997525344,0.39902866522963476,0.17695385300330463
0.09965799055176663,0.10034081644316978,0.09212490774652377,0.016013750820253192,0.17013123628078547,1.1574490975954124,1.332879492689971,104,2025-08-14,2025-12-19,6,0.08309436294769754,0.892797956083414,0.14325569987634512,0.43644739551194656,0.1908399920276903
0.09792347511972395,0.09922014948609745,0.09019783337112408,0.015709191659572103,0.16378929931874195,1.156970216873075,1.3343588430553934,105,2025-08-28,2026-01-06,6,0.08874404729733401,0.48372643653188313,0.19316881458841387,0.45777589466482915,0.18408422991374448
0.10251454377941831,0.10337113511270388,0.09426010728833768,0.01590636696240529,0.1696472140172567,1.1527464432126022,1.3309938955669773,106,2025-09-12,2026-01-21,6,0.0970608154739855,0.685778502489974,0.2498093812657084,0.5234026542080824,0.18448191222820243
0.09301008350214537,0.09107711857658246,0.09412097531102832,0.016565218890367613,0.16704711539134642,1.159147108114169,1.337997876671188,107,2025-09-26,2026-02-04,6,0.08806160713717255,0.4859514687100894,0.13289655756685775,0.4583828379290379,0.18360855509461207
0.09961317071068716,0.09606801695999732,0.10208041407250412,0.01687829571343463,0.17502091084781893,1.1555488268521799,1.3328870009221727,108,2025-10-10,2026-02-19,6,0.08427379701657255,0.8048758706911948,0.11714706830916506,0.42009237030821905,0.18375258369672837
0.0848344910230443,0.08058950203039393,0.09679019083864758,0.017148034092042058,0.17026299896036748,1.16629782092891,1.3436959792555834,109,2025-10-24,2026-03-05,6,0.09500774149926096,0.5614235763586497,0.2321905224113426,0.5354378722029631,0.1851032512065619
0.09584255715872857,0.08659523708027432,0.09870554706040338,0.016808829982420406,0.17242082028394812,1.159657648088657,1.3351916094312237,110,2025-11-07,2026-03-19,6,0.08115415142853913,0.6656492044717464,0.17672613480415722,0.48148620403419873,0.1855477851135431
0.10838259820194701,0.10096179472972555,0.10679507581976111,0.016989266526590354,0.18932121365421092,1.1534348365839024,1.3248590252132824,111,2025-11-21,2026-04-02,6,0.07722571227900854,0.7896090787380049,0.16945616287600881,0.47973522059278256,0.1915169998820114
0.111722348048741,0.10544634771446779,0.11051326288577366,0.01726451635325828,0.20259895055837002,1.1515206634897706,1.321524379722177,112,2025-12-08,2026-04-17,6,0.09596611235795996,0.9437790935220196,0.1628288050047905,0.4842802505375901,0.19569867722113118
0.11095121781266953,0.10989912851828453,0.11017972706138345,0.017538695037424404,0.19475777517753254,1.153947023706497,1.3222429428396465,113,2025-12-22,2026-05-01,6,0.10378734918774044,0.6904847347209186,0.13027338810341593,0.48456642894174284,0.19463286113604827
0.10883160692373692,0.11211884999026973,0.11335736110702939,0.018479900893406478,0.19464823083550434,1.1536947715612627,1.3237740203089325,114,2026-01-07,2026-05-15,6,0.12039921237786198,0.8435579798245326,0.13006819263096686,0.4840551537230157,0.19045726090482656
0.10210780510405787,0.10399738942835506,0.10996550092250103,0.018571330227484528,0.195956967131898,1.1591383356913034,1.32840831432664,115,2026-01-22,2026-06-01,6,0.12666563409009998,0.9211771745634554,0.12333836555289843,0.4760668255428677,0.1931536605051751
0.10470001956274089,0.10742308684543482,0.1162648508059518,0.018784840747259793,0.21284057900945216,1.158804368488784,1.3249916165527287,116,2026-02-05,2026-06-15,6,0.13418490597103866,0.8796049382716049,0.1388281060053489,0.49489477334189036,0.20272929402141385
