ticker,latest_price,return_1y,volatility_1y,momentum_6m,max_drawdown_1y
A,68.06,0.36310835169236944,0.17314194502658597,0.14041554959785518,-0.09035017375033405
AAL,51.4,0.1407012871726585,0.2938968443711457,0.04048582995951411,-0.20841018074511242
AAP,109.93,-0.3244638358016345,0.40663331888550913,0.006869389998168218,-0.5184129102711885
AAPL,159.54,0.20827022114510751,0.18966871654630837,-0.009437476716751547,-0.12702220238759332
ABBV,113.62,0.8280416233900206,0.2415192306233884,0.5006409009679376,-0.11119227335443538
ABC,94.22,0.03458877786318215,0.2484208760714219,0.18070175438596503,-0.24019506121601986
ABT,58.67,0.3837264150943398,0.15201714697608987,0.20299364363338124,-0.07489750867234313
ACN,155.15,0.3441046521701463,0.1371675315089525,0.196960345625675,-0.09187223276407341
ADBE,192.34,0.6562473090502023,0.22507524356001812,0.29652847994607345,-0.09633225458468186
ADI,85.35,0.10157459989674744,0.21801109200943422,0.09451141318286727,-0.12227478403948988
ADM,42.19,-0.029222273354809092,0.19336578589657794,-0.007060484819957691,-0.17053438364913776
ADP,113.56,0.17581279768067937,0.19568025749859122,0.03556447200437729,-0.1347237406441847
ADS,246.75,0.09297484053862504,0.25675811316431035,0.06156427465152303,-0.20463393430850052
ADSK,110.54,0.33293138791752086,0.3061871239727526,0.028757561656584496,-0.20300982800982814
AEE,53.19,0.0013177710843372825,0.12735920006264284,-0.08419421487603307,-0.1788038425782461
AEP,64.45,0.010188087774294807,0.11908541847451397,-0.09174182638105965,-0.16977972433337618
AES,13.110299999999999,-0.09577221742881792,0.22445257337512733,-0.06844444444444442,-0.1439330543933054
AET,181.49,0.49583779774169634,0.19288091204767893,0.16653811543900243,-0.07211567918632444
AFL,85.6,0.22917863296955754,0.13765211196068325,0.04683869389751738,-0.07361762460464605
AGN,170.39,-0.2934859227930505,0.22009576654912938,-0.2839853763079381,-0.3613898106578176
AIG,60.47,-0.06840240332768444,0.17248083797683755,-0.055303858772067005,-0.13126027806847063
AIV,39.21,-0.1344370860927152,0.14207967488328868,-0.14760869565217394,-0.15731785944551901
AIZ,88.49,-0.02166943062465454,0.21191065739747303,-0.15739859074462004,-0.1743671779429754
AJG,66.11,0.2229004809470958,0.14516483943778158,0.12241086587436345,-0.07220882394665895
AKAM,64.48,0.014634146341463428,0.33739443739230746,0.36033755274261625,-0.30907692307692314
ALB,106.63,0.13015368309485953,0.26501290749955964,-0.057705903145988,-0.2727209849218426
ALGN,234.33,0.8280416233900206,0.3523568118094448,0.33316265574330095,-0.1748071979434448
ALK,64.23,-0.33919753086419746,0.29219417311942136,-0.23843964903960158,-0.3846767757382282
ALL,96.87,0.24208231824592907,0.1394918889635397,0.02291446673706443,-0.09427128014488606
ALLE,79.96,0.1828402366863906,0.17925306411784483,-0.007817347065392832,-0.11668155426529703
ALXN,117.15,-0.07296035451452088,0.30611394575878964,-0.14395323346729993,-0.2762426846433069
AMAT,48.69,0.3676966292134831,0.2882100788385504,0.1113900935859391,-0.17840136054421762
AMD,13.110299999999999,-0.14454277286135697,0.4957707215658841,-0.0958690568978956,-0.3486842105263157
AME,74.16,0.4166189111747849,0.1391283386190534,0.1667715544367525,-0.05852405715002812
AMG,187.87,0.16335376803517243,0.19359877385674557,0.04065806237190506,-0.12926399703374114
AMGN,177.47,0.055615036878420065,0.18258353754015677,0.022587150677038315,-0.1619934282584884
AMP,160.11,0.31691067609804247,0.2015302987752365,0.08218992903007782,-0.12046802900461429
AMT,140.0,0.34228187919463093,0.16712986963042398,0.015596663039535663,-0.12912519643792564
AMZN,642.8236999999992,0.7283917483012283,0.22046149144926985,0.4427347990346331,-0.10847264437689963
ANDV,100.62,0.17932489451476807,0.2102255913857129,0.05471698113207535,-0.1803021547098158
ANSS,155.03,0.6279533760369631,0.20522437548676173,0.2426258416159024,-0.08590258313764099
ANTM,238.44,0.503404791929382,0.19257313375949578,0.23640134819808134,-0.10744025717494876
AON,140.55,0.2290136411332635,0.13019866040098996,0.002567943505243031,-0.13709148182176134
AOS,62.72,0.27066450567260936,0.15994104812331744,0.16083657227466208,-0.09257075471698117
APA,39.55,-0.3052871948006324,0.3479336191080178,-0.09247361174850854,-0.33130010456605097
APC,58.72,-0.12553983618763975,0.2791069712721616,0.33151927437641726,-0.41563311220074994
APD,158.21,0.14156865574716804,0.14291711170050161,0.08177777777777773,-0.10155172413793101
APH,88.28,0.2978535724786828,0.12510689623514554,0.12472926487450642,-0.05852405715002812
ARE,118.96,0.038589139165357,0.14316558324188647,-0.015476289001075894,-0.11557114078937547
ARNC,25.1,-0.08058608058608052,0.31548491508619014,0.018255578093306468,-0.28510638297872337
ATVI,69.46,0.7723909160500126,0.32205726089504183,0.13163897034864758,-0.11426844014510273
AVB,158.28,-0.11327731092436977,0.1373323546652633,-0.16373434775717233,-0.2050226017076846
AVGO,237.38,0.14737300014500465,0.2546136705042619,-0.04731709274792306,-0.1985805635584288
AVY,114.78,0.44540989799773345,0.1514807119079874,0.23565507589622126,-0.07230192370394528
AWK,77.96,0.06897024544083341,0.14237022234043867,-0.04554358472086206,-0.15490514905149055
AXP,93.61,0.20321336760925446,0.14403891371583966,0.09242618741976893,-0.09098992294013031
AYI,148.07,-0.2920053552644162,0.3583399292881067,-0.23628017330307405,-0.34946019800206063
AZO,642.8236999999992,-0.017178096240520246,0.2711802054012961,0.3660627203841249,-0.3388878462074698
BA,348.12,0.8280416233900206,0.20826903247696454,0.4857240408006487,-0.07861265198632827
BAC,31.25,0.3784737538597265,0.21595780571933512,0.2631366208569119,-0.128235294117647
BAX,65.55,0.35573940020682504,0.15056095814409198,0.0921359546817726,-0.09327428729587617
BBT,53.82,0.1753658003930989,0.17559783698343354,0.1285384776682743,-0.1619718309859156
BBY,71.26,0.6243446546615001,0.3697647593376367,0.1668577042737842,-0.15815591483912272
BDX,221.92,0.24632146467482863,0.17241830141463685,0.12171451678123724,-0.09891180769855457
BEN,39.44,-0.007549068948163207,0.18418997415483943,-0.09520532232163348,-0.17618443316412857
BF.B,65.08,0.4089629789997835,0.20433134492614907,0.3415790558647702,-0.16953619114546725
BIIB,326.89,0.2163801443774651,0.23911593170217602,0.13212578790607465,-0.17226792009400715
BK,55.34,0.22596366858661954,0.15970199712769792,0.024056254626202866,-0.07397959183673475
BLK,532.26,0.42102733874412634,0.1579960534278202,0.23396856308248726,-0.1151097326635876
BLL,39.33,0.05640612409347301,0.18255374437189417,-0.02358490566037741,-0.1495457721872817
BMY,62.63,0.20442307692307704,0.19132165048207317,0.09111498257839723,-0.1141975308641976
BRK.B,200.37,0.23024498065942156,0.1332120024230705,0.12529484443446037,-0.09413118527042574
BSX,26.32,0.042789223454833714,0.19148148714107438,-0.00940910801656003,-0.16812080536912755
BWA,55.0,0.3593672763222937,0.23800858767762212,0.18203309692671388,-0.13560864618885093
BXP,115.34,-0.12335638823439987,0.16383974457629122,-0.05202597189118108,-0.17972547898198454
C,74.99,0.33149857954545436,0.1784043618451756,0.09586438696478128,-0.08503996003996006
CA,34.0,0.08487555839183147,0.21912944395891662,0.044546850998463894,-0.1382681564245809
CAG,35.89,-0.09185222672064786,0.16793248661792068,0.043617330619366124,-0.2185542168674699
CAH,65.14,-0.1628325408045238,0.2519789587172868,-0.045287996482485715,-0.3436754176610979
CAT,154.34,0.6611774835862663,0.21257486279387705,0.3498338289312577,-0.11592252326057684
CB,147.52,0.12757012917526556,0.14361071968450534,-0.0118561189630918,-0.10002001734836863
CBG,42.54,0.3820662768031189,0.20456616086380983,0.15347071583514094,-0.1084271205050783
CBOE,114.565,0.4884370533974276,0.17547543169062613,0.18352272727272734,-0.16473461650627008
CBS,53.44,-0.15855770744764608,0.2310429431046593,-0.18224942616679418,-0.23118975686951526
CCI,108.75,0.24058863791923346,0.15958895305051715,0.07919023518904433,-0.09173024642637906
CCL,69.12,0.24338909875876946,0.1710654528105309,0.014084507042253724,-0.08606793321819228
CDNS,38.57,0.31908344733242133,0.18931511220568348,0.05497811816192555,-0.1578602620087336
CELG,95.16,-0.17503250975292584,0.2897760297363289,-0.2980747953086966,-0.3602238602238603
CERN,63.48,0.19931985641413186,0.21651515603698304,0.015842534805568853,-0.13809976892755194
CF,39.48,0.1299370349170006,0.3848911340703821,0.23839397741530743,-0.3050939798420049
CFG,44.84,0.2684582743988686,0.24012338460253474,0.2800456751355982,-0.18969436726446087
CHD,47.37,-0.009617394940414026,0.15165487646981915,-0.05108173076923084,-0.19479553903345725
CHK,13.110299999999999,-0.41067747190694404,0.4955710924792477,-0.33867276887871856,-0.518705535954256
CHRW,92.57,0.21594640746092209,0.18951723025843306,0.39981853924088906,-0.1963888201830324
CHTR,363.55,0.11610843336505683,0.242750760887431,-0.09316537789972557,-0.21418633540372667
CI,195.44,0.321969696969697,0.17639539696462764,0.09748427672955962,-0.13606224029705594
CINF,72.63,0.032556155814614574,0.16347697460347654,-0.09585459977592437,-0.1285394932935916
CL,70.17,0.05376182610001501,0.15572603749891945,-0.01956126868799768,-0.10397513919461354
CLX,127.82,0.005981426097906528,0.16346895895390204,-0.04761195141941743,-0.15157993185917562
CMA,93.58,0.38125461254612536,0.21903833278204862,0.29129294880640266,-0.1431609730160841
CMCSA,40.15,0.07511045655375548,0.20889268402161829,-0.011813930593157829,-0.16289592760181004
CME,159.93,0.37196534271253334,0.16146168000872116,0.26737459386639206,-0.09354330708661418
CMG,272.21,-0.32444036332952797,0.3277194214988337,-0.18648575954095825,-0.45841899463861
CMI,172.74,0.1857495881383855,0.1863410438132057,0.08368883312421582,-0.1161075686165789
CMS,42.16,-0.01724941724941731,0.1186033438713608,-0.11017306880540323,-0.16597428288822946
CNC,104.38,0.5200232998398135,0.2732188802770337,0.261694669406503,-0.10941840666726421
CNP,26.36,-0.002271006813020504,0.13269587152149445,-0.09291121816930492,-0.135632183908046
COF,98.12,0.1208590358693169,0.2108682750855558,0.15245478036175708,-0.19975031210986272
COG,23.37,-0.009745762711864447,0.26849573348811484,-0.05879983890455087,-0.20618206521739135
COL,135.4,0.4959672964313335,0.2860020912022425,0.07094835086609197,-0.11576296529471941
COO,230.47,0.21974067213548554,0.21668185995427044,-0.0504305549833135,-0.14523342487249902
COP,55.63,0.1215725806451613,0.30129967361969756,0.21861993428258497,-0.15254237288135586
COST,183.19,0.0876974231088945,0.1988544652875483,0.1678566874920311,-0.17544532748698272
COTY,17.48,-0.12774451097804385,0.33891410414599216,-0.1198388721047331,-0.3008763388510224
CPB,44.8,-0.2933753943217666,0.23993025406145504,-0.15805299755685032,-0.30733082706766923
CRM,110.05,0.3636926889714993,0.1584438105814841,0.22114957833999105,-0.08226102941176472
CSCO,40.34,0.29005436520626815,0.17453770911266162,0.27577482605945614,-0.11817653890824609
CSRA,31.35,0.034653465346534684,0.21922930515174924,-0.026095060577819074,-0.1821152703505644
CSX,52.97,0.10446205170975809,0.24356792008443123,0.04477317554240634,-0.12774053270520014
CTAS,156.6,0.3694796676869261,0.1832240203027663,0.1747936984246059,-0.07183140397744137
CTL,17.06,-0.3016782644289808,0.35361781518049795,-0.21814848762603123,-0.5012815818381545
CTSH,76.52,0.3555358724534985,0.15424691879951757,0.07759470497113075,-0.07070173120126877
CTXS,87.6,0.1275582443042862,0.1990564227451793,0.14930464445027547,-0.14814814814814825
CVS,74.35,-0.03479163962092702,0.22603494218987166,-0.06395568425028342,-0.19817548913695837
CVX,115.29,0.033249686323713945,0.17135546096792267,0.03967896113265401,-0.15703592814371248
CXO,148.1,0.09387694807592895,0.2519246742955602,0.24642316108399265,-0.25100512962706223
D,73.76,0.005726752113444311,0.13456843824225806,-0.05241521068859201,-0.13131551054057222
DAL,53.85,0.11954261954261947,0.24581004324381825,0.0841554258103483,-0.18511175198269636
DE,161.44,0.48916151646527073,0.18474159718184716,0.21924325957253976,-0.12816252548901141
DFS,76.63,0.12426643192488251,0.18534543428622743,0.25089781260202404,-0.20359116022099455
DG,97.88,0.3038497402424405,0.2315916271786778,0.2686973428386259,-0.12507920415663398
DGX,100.58,0.08092423428264373,0.15823551494458854,-0.055586854460093926,-0.18261964735516367
DHI,46.29,0.548678487788558,0.19590546552795368,0.27275226835303834,-0.15377340646869675
DHR,95.25,0.14786695589298615,0.14288165523294183,0.18721176617225477,-0.0965132178669097
DIS,104.76,-0.03889908256880725,0.16480870133015896,0.018768841777691447,-0.16324240331491713
DISCA,23.12,-0.16018888485288774,0.3213623789896705,-0.02033898305084747,-0.45037137069547606
DISCK,21.95,-0.18035847647498138,0.32405396208463283,-0.019651630192050074,-0.4716262975778547
DISH,45.1,-0.25895497863950045,0.25989317231110376,-0.24506193505189156,-0.3455204713702976
DLR,104.17,-0.03322505800464037,0.21371556946213027,-0.08950266585088706,-0.17351634401777216
DLTR,106.08,0.383772501956692,0.22178756028539173,0.41591030432461285,-0.20137134608444596
DOV,99.92,0.28497942386831276,0.18878952425431397,0.1507543475757227,-0.07921531994395148
DPS,118.0,0.2718258245311489,0.26370669588733303,0.30646589902568655,-0.14573220064724912
DRE,25.37,0.008747514910536935,0.15244441656193575,-0.11044880785413735,-0.15826144658261443
DRI,95.08,0.2946623093681917,0.21670339079802955,0.16978346456692917,-0.16873449131513651
DTE,99.27,0.005469462169553241,0.1186785333316318,-0.08532203077490097,-0.1441503577894646
DUK,74.4,-0.05391658189216675,0.11467717288953291,-0.13689095127610207,-0.18322538149083323
DVA,74.66,0.1541196475498532,0.3044591486122004,0.3209483368719037,-0.2311314024825225
DVN,36.76,-0.1656831593281889,0.31288010871466276,0.14588528678304247,-0.3569873748367436
EA,123.05,0.5101865488463426,0.2623074881501763,0.059770906898630516,-0.17332130851848815
EBAY,42.33,0.27308270676691726,0.24384425155004105,0.17322616407982272,-0.11823544498589378
ECL,133.12,0.10619910254279552,0.11467717288953291,0.005741915986702928,-0.06127974918056145
ED,75.26,0.0001328903654485014,0.11866425286635114,-0.09608455440787889,-0.16060673656033897
EFX,117.6,-0.0359865562751045,0.39882357142294594,-0.17727717923604314,-0.36406538540455513
EIX,59.69,-0.20232527061339034,0.208618781681339,-0.24870988042794218,-0.2777105517909003
EL,134.71,0.6330464298702876,0.18443746041304784,0.2981593909607787,-0.05852405715002812
EMN,98.98,0.27141939627488765,0.15720020015126543,0.17469736529788737,-0.05852405715002812
EMR,68.96,0.10495112962666231,0.16633155491886203,0.14875895385640492,-0.12407242505194405
EOG,105.78,0.07784797228449158,0.21032302014175558,0.17078029883785284,-0.18030362776025233
EQIX,426.08,0.10967002630413814,0.18214590895338262,-0.048525044103526094,-0.13570530244634682
EQR,56.86,-0.07424291761641166,0.12875597292535412,-0.15575352635486261,-0.19198522097484727
EQT,47.65,-0.22733906275336468,0.37719825569448723,-0.24015308563227555,-0.2890182035213369
ES,56.89,0.0070808992742077415,0.1394510848922506,-0.07840596144500234,-0.1355417109861723
ESRX,74.95,0.10839988169180703,0.23850142299133187,0.22467320261437917,-0.2105336297943301
ESS,217.81,-0.04498618845091418,0.1495478206616165,-0.17701957228141774,-0.1914696165410742
ETFC,51.55,0.47033656588705064,0.2257327614950856,0.2527339003645199,-0.11436950146627567
ETN,81.62,0.1664999285408033,0.17339744999360882,0.11594202898550732,-0.12616300707108297
ETR,72.77,0.019187675070027943,0.14173963563845252,-0.05259731805754464,-0.16758178906428745
EVHC,34.82,-0.41067747190694404,0.4776495320679964,-0.33887941745488076,-0.518705535954256
EW,129.7,0.4279423098095343,0.2327591095479918,0.11560295888525696,-0.15622138992925516
EXC,36.15,0.026114107294919142,0.1582119451283175,-0.0411140583554378,-0.1472045293701345
EXPD,62.13,0.16044079193126648,0.17411453145430467,0.1170442286947142,-0.08813263525305404
EXPE,129.33,0.052832953435363095,0.26318463283540017,-0.12555780933062877,-0.26445141065830724
EXR,80.42,0.08397358134519473,0.19705883191723889,0.05000652826739782,-0.11150990099009894
F,13.110299999999999,-0.13085621970920847,0.19761172526628026,-0.014652014652014711,-0.2260015117157974
FAST,53.24,0.06864712966680053,0.23769609711954856,0.23526682134570764,-0.23458445040214482
FB,180.18,0.3426229508196723,0.18982271956332059,0.05257623554153512,-0.06686001346522341
FBHS,63.4,0.13335716839470857,0.16578470697841277,-0.007358697354000299,-0.1387939286202653
FCX,17.86,0.1500321957501609,0.39029691534105687,0.22412611377655933,-0.29761904761904756
FDX,251.15,0.3361885507554798,0.1726439099202125,0.2181103889805025,-0.09412365121026534
FE,30.81,0.02563249001331558,0.19728931012475417,-0.025308446694084163,-0.16119828815977177
FFIV,141.39,0.01807315668202758,0.22286384383827054,0.19185703447694502,-0.22333490153908186
FIS,96.77,0.21204909819639273,0.1283242323542827,0.08255957042174744,-0.06959564541213059
FISV,129.17,0.1984598255706067,0.13393684677614692,0.04760746147607464,-0.09690274767531293
FITB,32.34,0.24913093858632696,0.20824467813327238,0.1915991156963892,-0.1784347826086956
FL,48.01,-0.310894215587771,0.4957707215658841,-0.03594377510040159,-0.518705535954256
FLIR,48.4,0.3553626435172219,0.20728068980710615,0.2851832182687202,-0.12429378531073443
FLR,57.04,0.044306114976199185,0.3987055811609391,0.4569604086845467,-0.3599793708096958
FLS,41.55,-0.17934031206794399,0.2771552946603649,0.062116564417177944,-0.27029126213592236
FMC,83.97,0.46698113207547154,0.2550594650940873,-0.007564117716581942,-0.15361108281552405
FOX,35.7,0.19718309859154948,0.2559572709417005,0.2977099236641221,-0.2322438717787555
FOXA,36.06,0.19364448857994043,0.26313690246281435,0.2924731182795701,-0.23027127003699133
FRT,111.34,-0.20658447944131697,0.17969665024370338,-0.16128060263653476,-0.22118074986010072
FTI,30.48,-0.02370275464445859,0.273323955567627,0.12223858615611194,-0.258026159334126
FTV,71.69,0.2760768956924171,0.16498672413506335,0.07288237054774038,-0.06412433067781109
GD,214.95,0.17369225728950521,0.15897605078709576,0.06940298507462672,-0.08267090620031803
GE,15.25,-0.41067747190694404,0.22758038357814422,-0.33887941745488076,-0.5114678899082569
GGP,21.97,-0.1229540918163673,0.3003980307029066,-0.0031760435571688284,-0.25713169206721365
GILD,82.76,0.2383660032919348,0.23497122819218597,0.11989174560216509,-0.16754416754416745
GIS,54.65,-0.12166505946640949,0.18639400746598322,-0.020082481620943282,-0.20715303054280731
GLW,29.82,0.1261329305135952,0.194861102641254,0.0156675749318802,-0.14548063127690103
GM,42.39,0.20631758679567436,0.2093791639372319,0.20153061224489788,-0.15197488883076105
GOOG,642.8236999999992,0.2971374848462356,0.17264704737281816,0.13617943439159164,-0.10822901074976188
GOOGL,642.8236999999992,0.2717621824842147,0.17174209303686463,0.12268104842141092,-0.11127858802923629
GPC,99.27,0.0023222940226170774,0.1982040910230546,0.18914710110206023,-0.20055627297109369
GPN,106.32,0.34463133931959034,0.18440275111231388,0.10726931889189739,-0.07969694063489019
GPS,32.62,0.3993993993993994,0.3215867962283551,0.3723180479596129,-0.20688365132809583
GRMN,63.08,0.2912998976458545,0.18511817057276567,0.2065799540933435,-0.10083102493074791
GS,257.1,0.08147898876877147,0.20524940839499725,0.1129388338167181,-0.1646170271659615
GT,33.47,0.04170557111733575,0.23568573515399863,0.07275641025641022,-0.21203904555314546
GWW,259.89,0.02149988208474185,0.34829823914845887,0.5006409009679376,-0.3947551905794856
HAL,49.69,-0.10371572871572876,0.2689669099701902,0.20343908936788568,-0.31792519407198316
HAS,102.22,0.05795901469675013,0.2489568798369066,0.022199999999999998,-0.2351013367830962
HBAN,15.64,0.16716417910447756,0.21363622034492305,0.18754745634016712,-0.16916780354706684
HBI,21.96,0.10407239819004532,0.2665117172598288,-0.09666803784450839,-0.2567199065056487
HCA,98.4,0.18554216867469897,0.2188168615568596,0.26283367556468185,-0.17979887280362472
HCN,56.55,-0.14357110404361662,0.15548597913050644,-0.20620437956204374,-0.2720834406386814
HCP,23.38,-0.24361048204464575,0.18090246782289784,-0.20422055820285911,-0.30368373764600176
HD,191.29,0.38736582535538155,0.15524204560012841,0.232062347030787,-0.11639241422573943
HES,44.11,-0.1441598758246022,0.32714635590068397,0.04131255901794151,-0.2788716395304808
HIG,55.86,0.18724760892667391,0.1495277964463044,-0.006756756756756799,-0.09100510473508183
HII,234.82,0.18213854208618607,0.2205531170967932,0.09340659340659352,-0.15605777555018907
HLT,82.02,0.407826982492276,0.16663947198757004,0.33648362392048226,-0.09775997626464916
HOG,48.48,-0.14707952146375802,0.25762678119288646,0.014225941422594035,-0.28852875754687
HOLX,40.45,0.03294177732379988,0.20081912952155304,0.05530915731802777,-0.2277909227790923
HON,151.19,0.26275787187839295,0.12081818632466751,0.08769784172661876,-0.08982362567428337
HP,67.47,-0.0287894054987764,0.3090083312968253,0.451592082616179,-0.40070771408351025
HPE,15.56,-0.3415150232754972,0.43920134397319877,-0.11791383219954643,-0.4713478611783697
HPQ,21.21,0.36750483558994196,0.21182689620933678,0.09782608695652173,-0.11710323574730341
HRB,25.74,0.21644612476370506,0.32595871253946923,-0.16699029126213594,-0.24278006981910505
HRL,32.74,-0.10252192982456132,0.19350484855293734,-0.025885153228205837,-0.2038552944283073
HRS,152.79,0.45639119245067206,0.15763803384872246,0.2888232813159004,-0.07014681892332797
HSIC,72.97,-0.10800073345150063,0.2269585684525031,-0.13975832596522253,-0.2871308356112987
HST,19.45,0.06110201854882713,0.20241417685209812,0.08235948803561488,-0.09807991696938245
HSY,99.04,-0.07421948027668723,0.15157940346763277,-0.0590023752969121,-0.14591238358054492
HUM,264.9,0.32688839911841305,0.19948435640435588,0.03898650768748024,-0.09920067961539958
IBM,153.85,-0.12669580518817047,0.17202328046842547,0.08520843619947782,-0.23220665017862052
ICE,70.72,0.23983169705469853,0.20154340146162328,0.07591662863228343,-0.08203179963416352
IDXX,176.83,0.25313585146339723,0.2164942422151432,0.1444566694712317,-0.14109573106897755
IFF,142.7,0.2101424694708276,0.16595960378156652,0.02162084765177541,-0.10142155925288454
ILMN,221.2,0.3573883161512026,0.2744174608750323,0.11027455704462175,-0.1312859415147437
INCY,86.34,-0.2965045221217306,0.3755701129769655,-0.33625461254612554,-0.4409799554565701
INFO,45.17,0.13749685217829266,0.16163337642356615,-0.004188712522045779,-0.12347718356390658
INTC,45.2,0.24244090159428255,0.2167441118070146,0.23531019404208786,-0.11102236421725231
INTU,161.29,0.3838695838695838,0.18557438326783618,0.17884812161964625,-0.0967893133348956
IP,59.25,0.11581920903954801,0.18136053131392563,0.10934281969668613,-0.10245831184459342
IPG,21.3,-0.07632263660017335,0.2600013603195538,0.007568590350047311,-0.27845131012905755
IQV,98.21,0.25700755151670296,0.18617126589977295,0.09001109877913427,-0.10878776713338245
IR,91.19,0.1387362637362637,0.1856634483533397,0.045037818015127185,-0.12812467315134402
IRM,33.18,-0.09836956521739126,0.19879490972721303,-0.1339075959279562,-0.21018339768339767
ISRG,399.53,0.7057668522020244,0.20949782080921894,0.2704343319034732,-0.11293657321980399
IT,119.45,0.208396560445119,0.1697608317057003,-0.005412156536219737,-0.1596313493738567
ITW,163.44,0.2857142857142856,0.14953069023113025,0.1613728416115967,-0.09928443649373875
IVZ,33.46,0.09633027522935778,0.19955760310748286,-0.0321087648249927,-0.13619791666666659
JBHT,117.95,0.20124248905183828,0.19511372817841796,0.27970055332537713,-0.17339667458432317
JCI,37.6,-0.08315045110948538,0.2074330843348646,-0.04689480354879594,-0.19144602851323833
JEC,66.01,0.16563658838071693,0.22223015979249186,0.21744743637034314,-0.1600880908012875
JNJ,131.42,0.15890652557319207,0.1376715507565421,-0.013585528784808232,-0.11981909004995273
JNPR,25.39,-0.06791483113069008,0.24440230721625836,-0.10377691493116825,-0.2101003561022985
JPM,112.87,0.31305258259655666,0.16519754917038607,0.20677857371966213,-0.12232905982905973
JWN,49.3,0.10711879631708943,0.35557974960545086,0.05162116040955622,-0.23415316936612685
K,64.21,-0.1262756837664989,0.19615921188435403,-0.06995944380069541,-0.22985347985347981
KEY,21.13,0.18508132361189022,0.22130055427790574,0.1661147902869755,-0.1497160557563243
KHC,73.55,-0.17535598161228838,0.17571056506785138,-0.1493176035160768,-0.23900672529746514
KIM,14.52,-0.40999593661113365,0.25837477425118427,-0.29170731707317077,-0.4201277955271565
KLAC,102.66,0.1817658570277425,0.26776575294088983,0.12221250546567552,-0.19085651335720188
KMB,112.36,-0.08598389327259426,0.15791357794416758,-0.07606282378093909,-0.18614814814814806
KMI,17.29,-0.2284694332887104,0.193420303586797,-0.12455696202531652,-0.25676274944567623
KMX,65.4,-0.020371479928100622,0.2473199229614528,0.00260616280852366,-0.19285714285714284
KO,44.56,0.060447405997144266,0.11467717288953291,-0.022592673831980714,-0.08180506902946627
KORS,66.11,0.7457090044890415,0.3439481758784815,0.44408038444735687,-0.14489003880983187
KR,28.9,-0.1199756394640683,0.3372792400601856,0.20718462823725958,-0.4172998246639391
KSS,62.92,0.5406464250734573,0.3442759613362379,0.5005962318149297,-0.19342315597168303
KSU,107.1,0.2591112156125088,0.20415533383357398,0.030798845043310763,-0.0945837423039172
L,47.86,0.03481081081081072,0.12622080884561082,-0.02066707591569461,-0.10568649457538348
LB,49.11,-0.1628025912035458,0.440508277168052,0.15119549929676523,-0.3879837067209776
LEG,45.78,-0.05001037559659671,0.1863019548502475,-0.040251572327044016,-0.1959659511472982
LEN,60.91,0.37482253255356746,0.22085345079160182,0.14712418546837913,-0.1966026176552491
LH,169.66,0.29028823484675637,0.18015300233404727,0.07549920760697293,-0.09734675205855436
LKQ,40.35,0.31690600522193213,0.17135767035322066,0.17058311575282858,-0.15461422087745824
LLL,207.69,0.2965228790810912,0.15855256067074852,0.1428492819017224,-0.08309574174560852
LLY,76.72,-0.017795416720010282,0.16424381749880299,-0.07084897662589307,-0.12709068153373537
LMT,345.43,0.3454467554724623,0.1297791926825983,0.1317410392503766,-0.05853713134478711
LNC,78.51,0.1484786424809832,0.2155757035487199,0.06468673718470308,-0.13478379857690204
LNT,37.5,-0.017038007863695914,0.12920741995947094,-0.09660322813779809,-0.16998671978751656
LOW,99.92,0.3791580400276051,0.23061211007693724,0.27546591779423024,-0.1568673018824076
LRCX,171.63,0.48122896349357025,0.3033263341334482,0.10586340206185563,-0.2218263213192636
LUK,25.01,0.06789069171648165,0.19021349845812385,-0.021517996870109468,-0.18125000000000002
LUV,57.89,0.09391534391534395,0.23428426753920775,0.05851161089778767,-0.21061643835616428
LYB,110.27,0.20303294785075288,0.21206631715900828,0.23621076233183858,-0.16515023275497254
M,24.76,-0.22576610381488427,0.4195434095012059,0.075119409465914,-0.4778075662794161
MA,168.73,0.5810532233883057,0.14882623082084126,0.3007246376811594,-0.06978403268694466
MAA,87.93,-0.10027627135986894,0.15130654041893576,-0.16328860976306014,-0.2029550398839738
MAC,60.19,-0.10418216996576868,0.266984456158906,0.008376612497905889,-0.22946506869336458
MAR,139.64,0.6169522927281148,0.18248918023859634,0.3777997039960532,-0.11103034708340909
MAS,42.69,0.26339153595738374,0.17651197573419805,0.1475806451612902,-0.10784525610546791
MAT,17.0,-0.34489402697495186,0.4517364770537602,-0.05555555555555558,-0.5003831417624522
MCD,165.71,0.32918905911606644,0.1378974048061237,0.06964885101988139,-0.08135232114823965
MCHP,82.91,0.12344173441734418,0.24707376054576796,-0.008253588516746402,-0.1598946195156551
MCK,152.83,0.08436213991769548,0.2530139814842981,-0.009334284047449293,-0.19688317868189387
MCO,157.98,0.4789365287399363,0.15534883407004543,0.23402593344789868,-0.09519822998265859
MDLZ,44.05,-0.009444569372610734,0.1723562440048536,0.013342535081665385,-0.1671964399237127
MDT,81.35,0.07605820105820116,0.15457621327916607,-0.030970815961882225,-0.1385218365061589
MET,46.26,-0.09982486865148865,0.22592229662457855,-0.042434278617263566,-0.18301584475698773
MGM,34.68,0.21089385474860323,0.26029092864101744,0.1013020006351224,-0.14087837837837847
MHK,267.66,0.250163475011677,0.146036856506442,0.07201217558474848,-0.07538094234955395
MKC,102.66,0.06383419689119174,0.18526284118075387,0.07205513784461148,-0.13075906344410881
MLM,218.85,-0.03270718232044201,0.2653816164792004,0.037449632614363626,-0.18474046278924328
MMC,82.16,0.16687970458741663,0.13065040759711183,0.06040268456375819,-0.06479004303826907
MMM,233.19,0.3169368046535268,0.14942010605145972,0.12935877566834564,-0.10513088195491627
MNST,64.55,0.478131440348065,0.20976804940821336,0.24063040553526793,-0.07342911043389921
MO,66.79,-0.07428967428967426,0.17621127426442815,0.022661154493951896,-0.21219920216188393
MON,120.41,0.12176262343953792,0.11467717288953291,0.026163286176921652,-0.06061101127266788
MOS,25.25,-0.21608196212356412,0.29686550390356864,0.1876763875823142,-0.43004115226337447
MPC,65.09,0.3251221498371337,0.3514566515315965,0.22834497074919802,-0.18208494208494208
MRK,55.88,-0.1312189054726367,0.28002953698065264,-0.10577692430788921,-0.18744367677981366
MRO,16.33,0.02833753148614604,0.4957707215658841,0.33852459016393444,-0.35120481927710856
MS,54.55,0.24231382373035748,0.2075831834420931,0.14480587618048268,-0.13111253469997863
MSFT,89.61,0.4147458162298705,0.16430271377994743,0.23651165999724033,-0.07378170718871702
MSI,102.63,0.31156549520766763,0.16871085456992135,0.15952999661055234,-0.09966381086650034
MTB,184.97,0.13617936117936114,0.1850343874522598,0.13478527607361968,-0.1726961268219035
MTD,641.96,0.39142120207208975,0.16558525587961095,0.1153465260524349,-0.11944392041909135
MU,42.01,0.7352333746385789,0.3913610930750388,0.4699090272918125,-0.20692431561996782
MYL,40.45,0.03215105894360826,0.3274702755307205,0.260910224438903,-0.3456272084805654
NAVI,14.04,-0.08175277959450622,0.3421011527722055,-0.007773851590106129,-0.3087447947650208
NBL,27.08,-0.2920261437908497,0.32346047418781965,0.07120253164556956,-0.4077694880370465
NCLH,57.74,0.20643543669034692,0.25345202825724833,-0.010623714873200796,-0.13822158479741842
NDAQ,77.27,0.1218060394889664,0.1334448903941457,0.013377049180327782,-0.07550568024383486
NEE,148.09,0.17252573238321456,0.1362592369005176,0.005772887802227622,-0.07007849293563573
NEM,37.03,-0.021664464993395027,0.23793613801435715,0.025761772853185594,-0.15746367239101722
NFLX,264.56,0.8278292109990326,0.3125198418751456,0.5006409009679376,-0.1223291728368946
NFX,28.53,-0.27881698685540957,0.4059877669752969,0.0725563909774436,-0.43874513395923975
NI,23.09,0.041027953110910786,0.14196320026182,-0.12471569370735403,-0.16279912980420586
NKE,65.63,0.21807720861172952,0.22722424637476005,0.09565943238731212,-0.1548054539408048
NLSN,37.56,-0.10699001426533528,0.22543509910671197,-0.11373289287399713,-0.216043956043956
NOC,337.66,0.452800963772481,0.14383668470706337,0.23639692420358838,-0.059762001983316826
NOV,34.05,-0.13159908186687075,0.2770272793178583,0.10516066212268749,-0.2827024436990896
NRG,25.36,0.550122249388753,0.4132236173401398,0.04233456637895605,-0.22751322751322745
NSC,142.68,0.1797585579626262,0.26161916040048755,0.2147113911118681,-0.12037294739771776
NTAP,57.63,0.4792094455852156,0.2695621931684134,0.36434659090909083,-0.1533660276415516
NTRS,100.73,0.19916666666666671,0.18967119412952757,0.12875392200806823,-0.12598504748434025
NUE,62.92,0.0796156485929993,0.2574911691437969,0.10115505775288769,-0.17367119901112493
NVDA,228.8,0.8280416233900206,0.4153220943061031,0.3293823717390041,-0.1949245426186662
NWL,29.46,-0.3619233268356076,0.4957707215658841,-0.33887941745488076,-0.518705535954256
NWS,16.3,0.30923694779116473,0.20679798087669207,0.1202749140893471,-0.10437710437710435
NWSA,16.06,0.3207236842105261,0.20375558652957249,0.13338038108680306,-0.09909909909909909
O,48.92,-0.19140495867768592,0.1697831750725905,-0.14892136395267908,-0.2258268713404019
OKE,56.58,0.040073529411764675,0.23473811779441528,0.0724033358605003,-0.16251545663310374
OMC,75.38,-0.11286336354007298,0.1880718097912733,-0.04364374524232428,-0.24105177806092903
ORCL,48.87,0.2211394302848575,0.19046929219486572,-0.0038728088055443033,-0.11685606060606046
ORLY,252.08,-0.07204122952328351,0.32104283687166096,0.24073436038785267,-0.37234467482479394
OXY,69.87,0.04642803654335803,0.1919310937803468,0.13314952967888427,-0.15262158609610044
PAYX,64.74,0.12298352124891587,0.15866775147405449,0.1790202148971043,-0.13713013044861588
PBCT,19.2,0.039523551705468396,0.171416651599004,0.10854503464203225,-0.18384966988318951
PCAR,68.69,0.027678037103530784,0.20978297745479968,0.022020532658830527,-0.13050632911392412
PCG,39.48,-0.37501978787399093,0.246661673572577,-0.33887941745488076,-0.4482951369480157
PCLN,642.8236999999992,0.17580049837933043,0.22241286168010235,-0.012649465072372523,-0.19681795998047824
PDCO,33.85,-0.19729665639079919,0.254831393669333,-0.11224757408864416,-0.3035677029000625
PEG,47.7,0.09554432705558114,0.13697927053024456,0.04973591549295797,-0.10250612398718673
PEP,113.5,0.07389535433815886,0.11467717288953291,-0.026837005916145018,-0.0837951301427371
PFE,34.98,0.08836341008089588,0.13582945308945665,0.04573991031390112,-0.11148129164531018
PFG,63.92,0.06818181818181812,0.1816852454973338,-0.03136838914987106,-0.15311833688699372
PG,81.84,-0.07347447073474467,0.11889302544038526,-0.10966057441253263,-0.14131355932203393
PGR,53.4,0.44441439004598315,0.15036971243772024,0.11157368859283934,-0.10769495018893849
PH,183.31,0.24320108511359795,0.17705954066811908,0.138430008694572,-0.1371954110173509
PHM,29.91,0.4062059238363893,0.19672654184083316,0.1817463453180561,-0.16500711237553334
PKG,117.13,0.243682310469314,0.18562453850222307,0.07291380415865167,-0.09607964192004947
PKI,75.77,0.42398045480172897,0.16676116858244266,0.17929961089494162,-0.09994280812124667
PLD,60.04,0.21612315171156582,0.16735168241404358,-0.011524530786960918,-0.1091988130563799
PM,98.88,-0.03653902367728734,0.15831187109967737,-0.14322848973225888,-0.19698942229454852
PNC,155.0,0.2761402931006094,0.1732192773711694,0.17664920671069617,-0.11501719526175003
PNR,68.65,0.1844375431331955,0.19314060611491832,0.10068943402276753,-0.10320389782961759
PNW,75.16,-0.043400789105256465,0.12662441974630023,-0.14900362318840576,-0.18135279381331015
PPG,114.13,0.1401598401598403,0.16922869084547287,0.10409209635290684,-0.1132922535211267
PPL,30.27,-0.15091164095371667,0.12823294500973362,-0.21580310880829023,-0.2493759360958563
PRGO,87.52,0.12305915565250847,0.3380535356482631,0.31866807292451393,-0.22096584216725568
PRU,111.17,0.05654818475574985,0.1832104710993796,0.011187920684009534,-0.14388614076195438
PSA,185.35,-0.1563495675921711,0.17684730341987404,-0.07730983671843883,-0.19987888749513394
PSX,95.61,0.21240172457519657,0.16048626837618749,0.13161320866374715,-0.10935453695042108
PVH,149.21,0.7113201055166878,0.2125154096221591,0.20223994843284188,-0.06399999999999995
PWR,34.45,-0.04755322090129943,0.22043600733669372,-0.060796074154852664,-0.2030153366259423
PX,150.01,0.289853826311264,0.15934099629066728,0.16413161570696855,-0.0946345585128856
PXD,176.2,-0.030162923822104948,0.29483537485223055,0.28098873137041047,-0.35676219205630977
PYPL,75.59,0.8280416233900206,0.24150987451628214,0.2668007373889727,-0.12574605032182573
QCOM,65.04,0.2297220646625071,0.24811183287890015,0.2325184764070496,-0.16261808367071529
QRVO,78.09,0.17960725075528705,0.3287415706031458,0.1307558644656821,-0.20313685808246906
RCL,128.52,0.3532694535116354,0.22045169195376074,0.0666445348161675,-0.08500723123895226
RE,246.7,0.07513292077050449,0.22471447520962085,-0.08194403096159586,-0.22410740631454706
REG,57.53,-0.1786122215876642,0.1945172819542532,-0.13954531857612917,-0.197629009762901
REGN,334.61,-0.0527671620665251,0.2941962633462913,-0.29420574152587053,-0.3694946156914135
RF,18.96,0.308488612836439,0.22172237256526717,0.29155313351498635,-0.1722187303582653
RHI,56.22,0.19820971867007664,0.21998718445386972,0.2797632597313908,-0.12716996366572464
RHT,128.81,0.6375540300025426,0.20837682962447115,0.31842374616171965,-0.07215698393077874
RJF,91.05,0.19097449313276638,0.19704531063169986,0.1114501953125,-0.12369684901019096
RL,107.7,0.3896774193548387,0.27266874156096105,0.23721998851234938,-0.21344437834622243
RMD,92.59,0.33491926182237597,0.24610862124882155,0.24919050188882896,-0.09949426181676713
ROK,188.78,0.27013388952432216,0.19137714506077755,0.13970055542139592,-0.11235090419392069
ROP,266.19,0.37915133930884415,0.15025372217847727,0.13509018805168216,-0.0666549789621318
ROST,77.99,0.15250480271907785,0.24229153600208297,0.3916845110635261,-0.2331164135936371
RRC,13.12,-0.41067747190694404,0.41325335448283534,-0.22043969102792627,-0.518705535954256
RSG,64.6,0.11880845167994436,0.1283029912762552,0.0034172103137619647,-0.06886764266507317
RTN,204.32,0.37877049733450296,0.1377692899516765,0.13954266592303388,-0.06088438594830026
SBAC,166.51,0.5582069998128392,0.1881026511413622,0.19765518233474788,-0.09521322889469097
SBUX,54.46,-0.013763129300977894,0.17256390334806396,0.013397841458876014,-0.1838315006969179
SCG,36.66,-0.41067747190694404,0.3781201928417275,-0.33887941745488076,-0.48525695029486104
SCHW,52.03,0.31921906693711977,0.2257356036611302,0.23821989528795795,-0.1378359751895245
SEE,44.36,-0.11668657905217039,0.19129609171285952,-0.010925306577480587,-0.16925527678215846
SHW,403.48,0.32132564841498557,0.15782904234208195,0.20197807435653004,-0.09151187505775793
SIG,50.14,-0.30793650793650795,0.4957707215658841,-0.1678008298755187,-0.36540755467196817
SJM,119.83,-0.12653983526496104,0.2163718206304547,-0.019314182830018845,-0.29544813979706874
SLB,69.75,-0.14016272189349122,0.20038722774640655,0.06504809894640418,-0.2564879941789958
SLG,92.86,-0.14391075873513415,0.17317768967021277,-0.0869223205506392,-0.1836483516483517
SNA,166.63,0.00012004081387662069,0.18941581783828257,0.07364690721649492,-0.1929854576561164
SNI,87.2,0.1597286873254422,0.22843590679987402,-0.0006876002750401122,-0.20094591317002175
SNPS,85.85,0.3250501620620463,0.16166312728512375,0.11711125569290837,-0.08063825230242028
SO,43.34,-0.11946363266964644,0.12861271863316953,-0.11279426816786076,-0.18610328638497642
SPG,154.86,-0.1426198649097552,0.20279198093165576,-0.05232237929135297,-0.18284763591477493
SPGI,182.69,0.46058522545570835,0.17001498333526674,0.2117132055448696,-0.09488574537540806
SRCL,72.84,-0.03459244532803185,0.22789865666474854,-0.029576338928856916,-0.2816091954022989
SRE,104.09,-0.0011515209672775528,0.14045614586147898,-0.10828407435963339,-0.15405383293790398
STI,69.01,0.2121904092745477,0.2013614649444021,0.19809027777777777,-0.1480697181951458
STT,103.52,0.33833225597931493,0.1748163093716283,0.09800593975392435,-0.09085263064501814
STX,49.55,0.08187772925764203,0.3832399637439429,0.5006409009679376,-0.3872500494951495
STZ,214.15,0.3853668003622719,0.1642593870255352,0.09601310200112612,-0.07686923043269023
SWK,159.74,0.3078434583265106,0.1493050223573968,0.13823571326777828,-0.10096071854925814
SWKS,101.35,0.10535500054531566,0.2741115040313509,-0.03236585831582972,-0.1911802630447863
SYF,37.5,0.04836455129997197,0.2771918669538435,0.2396694214876034,-0.289924973204716
SYK,153.67,0.2553712931950003,0.16172767306158042,0.058479129356660664,-0.09022556390977454
SYMC,26.58,-0.07095421181405104,0.24427432084374873,-0.07062937062937069,-0.22306791569086648
SYY,58.43,0.12733937873818246,0.17648552470052553,0.13854247856586133,-0.1187870087923919
T,36.93,-0.10385828682358655,0.1876251792512478,-0.03727841501564133,-0.22881952593287957
TAP,76.16,-0.2035139092240118,0.17427734665514835,-0.15845303867403315,-0.250319913377301
TDG,292.1,0.18053590914602125,0.2310043690803564,0.05177876998415676,-0.17779691536835518
TEL,99.61,0.33026175213675213,0.1520493807852907,0.22687523093977102,-0.06741167988464314
TGT,73.25,0.13092481086922958,0.3081079794596666,0.2657681009158459,-0.25003736362277684
TIF,103.08,0.30414979757085003,0.21447007723703004,0.12976764576939948,-0.118037547972202
TJX,76.2,0.009137862534763563,0.1784243897635089,0.06932360370474311,-0.17120911793855298
TMK,83.28,0.12799674928890692,0.12325494815222204,0.051117001135933426,-0.10758679811401617
TMO,207.55,0.3521172638436483,0.17183026854613018,0.19791065450767653,-0.09153066826371214
TPR,50.1,0.3370696557245798,0.2800618946368047,0.04899497487437188,-0.20250307755437025
TRIP,41.05,-0.20890344960493357,0.43683033009637845,0.012580167735569692,-0.42960151802656554
TROW,106.52,0.5764392481870653,0.18406780980746978,0.28059629718682366,-0.1228435702975248
TRV,142.14,0.2065189712248534,0.14866246434463073,0.09212447176334981,-0.11502112946600074
TSCO,67.37,-0.07750239627550315,0.27536144071471125,0.2140926293025771,-0.32673400673400665
TSN,73.38,0.12805534204458113,0.1949956359162783,0.13485926384163305,-0.12425257115522603
TSS,85.37,0.5930210860235119,0.17061223653769966,0.3287159533073931,-0.07153055396916053
TWX,95.11,-0.015424430641821862,0.12987659845414407,-0.0701016816581932,-0.16007333076032426
TXN,101.98,0.3427254772876893,0.20106384757356285,0.23942634905201743,-0.14938693802652425
TXT,57.91,0.20620704019995828,0.1788557485335176,0.1787095461021777,-0.0849132714804357
UA,13.110299999999999,-0.33606557377049184,0.4464061808096218,-0.2923704135119395,-0.5016470588235294
UAA,13.26,-0.3709677419354839,0.44972986567961487,-0.30575916230366496,-0.4982713915298186
UAL,65.36,-0.08842398884239888,0.3259916531818659,-0.025350432448553617,-0.3026941362916006
UDR,33.8,-0.053486418370204514,0.1432560333431261,-0.12931478619268422,-0.1652259817238826
UHS,117.12,0.029354895412198934,0.22592965639338514,0.09611605053813777,-0.2438215554678248
ULTA,218.06,-0.2007184224030496,0.2975642160467273,-0.13837521732258573,-0.3938737130653748
UNH,225.82,0.40864574886158067,0.1647372388027797,0.15906174613765844,-0.1145007445566869
UNM,50.58,0.08030756087142232,0.17676156250065617,-0.0035460992907800915,-0.13927291346646187
UNP,128.96,0.20141606111421662,0.19394018180052963,0.2427483858533297,-0.1255899133619779
UPS,111.91,0.054163526752072366,0.16392901102938054,-0.004448002846721866,-0.1654112909240063
URI,173.58,0.39253910950661863,0.28376447797871474,0.5006409009679376,-0.23800239952009605
USB,54.8,0.0361126867082624,0.14392619600827516,0.029494645876385395,-0.11912781421733731
UTX,131.97,0.1953804347826087,0.14747347151597467,0.12602389078498288,-0.1144612399967666
V,119.65,0.40615818545069926,0.13842424360194214,0.18500544716252354,-0.07955984800506644
VAR,116.92,0.4760762529983589,0.20193651848061725,0.21538461538461529,-0.09717514124293791
VFC,80.47,0.6392340598899979,0.1889224734248612,0.2918606517900144,-0.10769230769230775
VIAB,30.51,-0.2747801283574993,0.3743101594646323,0.011269472986410234,-0.5008580008580008
VLO,89.84,0.33929636255217654,0.17994391977930338,0.34229792320334673,-0.10783744557329467
VMC,128.24,0.0660902818189375,0.24384954180861876,0.0878859857482186,-0.15665268204974525
VNO,67.3,-0.3606915550489218,0.2564818139561801,-0.13585002568053417,-0.392873252142535
VRSK,94.69,0.13252003348881702,0.15757489119558846,0.16141297681834899,-0.09907266111045898
VRSN,109.11,0.32142424609422315,0.14433542111396122,0.09361531522501765,-0.07258614807233021
VRTX,155.67,0.7746238030095758,0.39137417249793155,0.020251671254423842,-0.17355968936247068
VTR,52.97,-0.14907630522088355,0.16386591475867285,-0.19277659250228596,-0.26484081746142085
VZ,51.01,0.05457928468058726,0.1776946149915793,0.05785980920779754,-0.1523715415019763
WAT,201.98,0.3686136332836425,0.16935883837563054,0.1430673457838143,-0.07645176040237767
WBA,71.53,-0.1226542377039127,0.20843861156215984,-0.11995570866141736,-0.2640109576532359
WDC,83.71,0.0860145303580695,0.3013188027993494,0.03358439313495487,-0.18840122092411327
WEC,59.86,0.0262300702897309,0.12076453577431759,-0.07150612688071967,-0.13907665755788867
WFC,57.54,0.0343339924501167,0.1937914644105567,0.08997916272021222,-0.16993135777666168
WHR,171.52,-0.013912843509256034,0.22238829208921854,-0.020165666952299377,-0.18831299788242406
WLTW,157.38,0.2796162289617041,0.14605996389892098,0.05454301795765204,-0.10382880136568706
WM,81.73,0.16740465647764613,0.12752526884184964,0.08640170144889003,-0.088953293947163
WMB,30.0,0.060070671378091856,0.2002138984775564,-0.020568070519098924,-0.15536105032822756
WMT,102.85,0.5167379442560094,0.1883020957057179,0.26026222276681765,-0.08759033142287564
WRK,64.42,0.19252128841169935,0.20729355864504814,0.14748842180263622,-0.09567448680351909
WU,19.49,-0.021094927172275346,0.18755640986094674,0.010892116182572575,-0.09858467545143967
WY,34.52,0.06510336315951881,0.16040863663373392,0.0644465001541783,-0.10840961098398172
WYN,118.72,0.4647748303516348,0.20774052620415265,0.18353105373342626,-0.08663436876603015
WYNN,177.32,0.8246552788639636,0.32106120077844535,0.3655756642279553,-0.1863409770687936
XEC,105.91,-0.16730875068794715,0.2591601924007187,0.050069403133055745,-0.32968807339449546
XEL,42.46,0.00951022349025199,0.11468188572242353,-0.12036461570333545,-0.18030888030888026
XL,42.0,0.07252298263534218,0.2528021516239339,-0.05977165883143054,-0.2708958422631803
XLNX,66.97,0.1500944530310837,0.23695875168045147,0.0674211029646159,-0.12228047182175616
XOM,76.94,-0.05571919489445265,0.13888954651670607,-0.04076798404188997,-0.13618502301560564
XRAY,58.3,0.01709699930216324,0.2136246542668069,0.03681308909834602,-0.1951516999542614
XRX,31.18,0.05910326086956519,0.21768129845212125,-0.03467492260061911,-0.17290132547864523
XYL,71.79,0.5274468085106385,0.16926718132831536,0.20231117065818127,-0.05852405715002812
YUM,80.13,0.20333383390899518,0.14254740780242198,0.06740375649393893,-0.07967953386744364
ZBH,120.78,0.030985915492957705,0.19295477657049187,0.07017543859649122,-0.18015232637056033
ZION,54.02,0.2810054541142992,0.22207780435030147,0.19275778317509396,-0.16204599183322588
ZTS,73.86,0.3198713366690493,0.15860791544014893,0.214602861371485,-0.08515420152328634
