ticker,cluster,pca1,pca2
A,0,1.4431860185899281,-0.11191172728123597
AAL,2,-0.633364636842934,0.6218489743560226
AAP,5,-4.146596836607853,1.7577852464800678
AAPL,0,0.3979112798258983,-0.6192032251751084
ABBV,7,2.976970077124345,2.4899777205461784
ABC,2,-0.44848021973796814,0.6903464948433643
ABT,0,1.854603259933726,-0.08345507883877268
ACN,0,1.7284229648108425,-0.2397033563987208
ADBE,7,2.217264776537831,1.3237776146519609
ADI,2,0.31121527738758287,-0.14269519273852158
ADM,1,-0.4039051721226444,-0.7679550432063055
ADP,0,0.36800733487789006,-0.42164155279267923
ADS,2,-0.47076857472286654,0.2999744240847889
ADSK,2,-0.2613195759342397,0.9254663307219411
AEE,1,-0.24311921086846164,-1.5665576586789849
AEP,1,-0.14806465824798692,-1.6809775730766858
AES,6,-0.7264120286209399,-0.8859432696755585
AET,7,1.8156139900569166,0.2809006750010469
AFL,0,1.1722421223568598,-0.9930175999280139
AGN,6,-2.9737498912569924,-1.3574022635947354
AIG,1,-0.2861709013444917,-1.293098710319629
AIV,1,-0.6722259775057486,-1.912475904312514
AIZ,6,-0.9038087039979923,-1.1383261631299102
AJG,0,1.3273172509478741,-0.6610860808890474
AKAM,3,-0.8766434526096907,2.302839492836244
ALB,6,-1.136982117930694,0.1770984597244441
ALGN,4,1.5904980138657854,3.0265748185712877
ALK,5,-3.4658060248527836,-0.5515165465846967
ALL,0,1.0097808733379234,-0.9888073281183651
ALLE,1,0.45817671439809843,-0.7678130169169696
ALXN,6,-2.0604669512087463,-0.03931479402312399
AMAT,2,0.2716027685073243,1.0479172240254402
AMD,5,-3.498867780276444,1.9128022514871401
AME,0,1.994413225649269,-0.33320307591413484
AMG,0,0.39546876652988716,-0.4532523011394876
AMGN,1,-0.027663730206675605,-0.6653366742148952
AMP,0,0.8631681374487172,-0.05254986789684372
AMT,0,0.8734568440828705,-0.5410281917532485
AMZN,7,2.7226648101042694,1.9523117250359718
ANDV,2,0.08900370489333896,-0.08842647867936389
ANSS,7,2.173477360271722,0.8838583634386158
ANTM,7,1.8164726972333691,0.646772198026086
AON,0,0.7283854363656896,-1.0399173670551
AOS,0,1.3435523085133358,-0.2684428735048793
APA,5,-2.9851840324351033,0.3668836733057638
APC,3,-1.5802740659634527,1.8052681734188056
APD,0,0.8781235644079368,-0.8541769465518225
APH,0,1.6865429998589783,-0.7682763105428149
ARE,1,0.304851868626679,-1.3065441232344297
ARNC,6,-1.7475364568454181,0.6557305985396047
ATVI,4,1.4358321537627847,1.771478567220184
AVB,1,-0.9165312499174083,-1.848875413676551
AVGO,6,-0.590016626318945,-0.06526876315976873
AVY,7,2.098810454896442,0.10643250008413108
AWK,1,0.07206843341268673,-1.2714279645012565
AXP,0,1.1010643860069185,-0.753720161245439
AYI,5,-3.4947963545430727,-0.002144419399135178
AZO,3,-0.7604321222727437,1.7868052984024854
BA,7,3.297776891428677,2.0502943490562027
BAC,7,1.3626988357441248,0.8443382457338697
BAX,0,1.3992022332923926,-0.489094406091562
BBT,0,0.5612888904386694,-0.17768506424819952
BBY,4,0.6927687154911425,2.2490004027873596
BDX,0,1.0832464307350913,-0.3172987245626915
BEN,1,-0.5731134658901346,-1.1282527736551942
BF.B,7,1.4628380068011895,1.1900797241894638
BIIB,2,0.2740816638391449,0.47605879309792204
BK,0,0.9877302946125004,-0.8869112074816945
BLK,7,1.7590134595590616,0.24761391894026105
BLL,1,-0.07653479209565642,-0.87030570589566
BMY,0,0.7208418119316089,-0.27606657373603777
BRK.B,0,1.2877888468704226,-0.6827260327308798
BSX,1,-0.2231010785984795,-0.7046708104708467
BWA,2,0.9472372398144457,0.7346113278607552
BXP,1,-0.6358053991594689,-1.2907572970418018
C,0,1.2565388318660309,-0.2869935871173642
CA,2,0.04312891403709802,-0.29329596016821613
CAG,1,-0.5553625515065018,-0.7496000873868832
CAH,6,-2.108764382993839,-0.07621533085665477
CAT,7,2.322165422946823,1.473231367707207
CB,1,0.6033778153291681,-1.215997992729385
CBG,0,1.2533295448096684,0.288486047510651
CBOE,7,1.4019391966950638,0.44632959979672837
CBS,6,-1.7064420402261606,-1.0807626305033085
CCI,0,1.0655802518375896,-0.614575366799313
CCL,0,0.8721903333020646,-0.7663598810094054
CDNS,0,0.6445611362091214,-0.14992307674899338
CELG,5,-3.098323665556106,-0.6450433930845294
CERN,2,0.241217004317214,-0.27089019356765087
CF,3,-1.1626035142081756,2.4111548594114334
CFG,2,0.6788621674893409,1.1487382940103132
CHD,1,-0.39853269713333783,-1.2003016021764985
CHK,5,-5.7225890308118705,1.1508973352011893
CHRW,7,1.1020932338682483,1.096089128301544
CHTR,6,-0.8104474335344928,-0.33488221833601817
CI,0,0.956333849325333,-0.16515267479832918
CINF,1,-0.1021471679461258,-1.395510563191257
CL,1,0.3297429357452454,-1.2246149354206723
CLX,1,-0.1669775651810713,-1.1870572763896743
CMA,7,1.3417961756976604,1.021497124886647
CMCSA,1,-0.2167305998465755,-0.5330820244861555
CME,7,1.8422255937891432,0.27434109503203297
CMG,5,-3.9034598897037065,0.18197345428460088
CMI,0,0.6737383361230289,-0.3663411520409425
CMS,1,-0.23476970526148022,-1.80034128335139
CNC,7,1.4901491456964029,1.4744846549836907
CNP,1,-0.05393427739870282,-1.680271201487533
COF,2,0.10029297311940072,0.25556615919791825
COG,6,-1.0927998034181925,-0.1722042172558171
COL,2,0.8269822728832973,0.870069777848814
COO,1,0.0699925458916904,-0.46612967814259126
COP,2,0.0780838779675399,1.157728342275367
COST,2,0.2681519559711161,0.09349982009444119
COTY,6,-2.433138840951444,0.3350073850229816
CPB,6,-2.4321227675971047,-0.8742301878625892
CRM,0,1.7815047366901728,0.034320737941243185
CSCO,7,1.4690175701809884,0.38196250875601834
CSRA,6,-0.5106445576154394,-0.4936417404619669
CSX,2,0.0215026453988469,-0.08246849440618759
CTAS,0,1.6027623864577254,0.058526201095027874
CTL,5,-4.316959002788046,0.44519379511484636
CTSH,0,1.4707897083794648,-0.5752668899906098
CTXS,2,0.46528229042997865,0.0015414770345788895
CVS,6,-0.8962759105901497,-0.6194590650069252
CVX,1,0.053842050247995446,-0.7445919245132948
CXO,2,-0.22017474536089468,1.072663954714822
D,1,0.08661979337235465,-1.5164277248197173
DAL,2,-0.18141023916103127,0.2665310277386118
DE,7,1.6603034843966002,0.5553889274891335
DFS,2,0.4797002225714143,0.41006619678150286
DG,7,1.1449498069772903,0.8939933381336009
DGX,1,-0.1693387159675048,-1.0741829416430468
DHI,7,1.7318001965903114,1.0025363658903592
DHR,0,1.201028753758363,-0.472122929151879
DIS,1,-0.1668536860728994,-0.9567869635505287
DISCA,5,-3.0111365225208697,0.9328636198002203
DISCK,5,-3.1912730279575827,0.9931396714316374
DISH,6,-2.90812427632899,-0.8648880925672171
DLR,6,-0.7545553055600032,-0.8900959528612
DLTR,7,1.3288499112619834,1.6747402067626664
DOV,0,1.2759516821399965,-0.07202050895789303
DPS,2,0.886549261352609,1.3313598013866206
DRE,1,-0.3083007957041405,-1.49240144628561
DRI,2,0.6884214759690146,0.5119082079844306
DTE,1,0.007714948294688162,-1.7405287901329534
DUK,1,-0.4675110110942318,-1.9323509588523908
DVA,3,-0.04512208471947969,1.830568553488887
DVN,3,-2.0019717317313104,1.1962620941595348
EA,2,0.6220027491806495,0.8048540559813276
EBAY,2,0.7976829590427295,0.5892995860130018
ECL,1,0.9748472326476101,-1.5439935764441932
ED,1,-0.12745488983765815,-1.7402514704805454
EFX,5,-3.0523122246181575,0.9509406779918824
EIX,6,-2.13264469866416,-1.4469197891285157
EL,7,2.597812138642153,0.834613411490079
EMN,0,1.5920104757016813,-0.33789023803253804
EMR,0,0.7212762126804662,-0.38617741762905344
EOG,2,0.16594412391777563,0.20566005051006322
EQIX,1,0.05987363884621821,-0.9348622598999554
EQR,1,-0.68724604274343,-1.8802818171815028
EQT,5,-3.1090225767697333,0.06144181847027658
ES,1,-0.02890766924098226,-1.5554949822390896
ESRX,2,0.05765344281300604,0.7782210675242166
ESS,1,-0.7824890524845249,-1.7391260589607405
ETFC,7,1.5723493805995397,0.9736368713941965
ETN,0,0.7251137324625683,-0.3576584975759396
ETR,1,-0.12915181698506542,-1.332570717728383
EVHC,5,-5.629870753744202,0.9930552884077348
EW,2,0.8355191085118328,0.5936879114723714
EXC,1,-0.05157280179878779,-1.1950614770505898
EXPD,0,0.9292045828018444,-0.4642349101593783
EXPE,6,-1.4351643800753318,-0.21498838007638144
EXR,1,0.32425205343045554,-0.5444431293915697
F,6,-0.9955582314974061,-0.734474501401415
FAST,2,-0.13852251967999157,0.8264169451322925
FB,0,1.212130064032572,-0.38372541379985003
FBHS,1,0.2901095301365294,-0.8863841445648218
FCX,3,-1.1399967832494848,2.411176438325944
FDX,0,1.5689600204322969,0.1451305103940933
FE,1,-0.2945872516214848,-0.754886758914267
FFIV,2,-0.22643997658285284,0.4372913405674944
FIS,0,1.2997359124159795,-0.977369981846272
FISV,0,0.9900621025396155,-0.9967538259248133
FITB,2,0.6312167075159014,0.4856236663551516
FL,5,-4.694862535815197,2.400136736525179
FLIR,7,1.4365295938039704,0.8076185300497924
FLR,3,-1.1649464180496898,3.381265461996837
FLS,6,-1.5706385038342927,0.3081710123800564
FMC,2,0.49655589959940916,0.37958679025807196
FOX,2,0.23697831338776545,1.3800509409616877
FOXA,2,0.18904793381449875,1.413351068212581
FRT,6,-1.4350462994811597,-1.5458138819581133
FTI,3,-0.9677836327647484,0.6670866859105625
FTV,0,1.25998220796915,-0.6225561647553027
GD,0,0.9431675033865183,-0.7705379553011797
GE,5,-4.286868964290003,-1.2195005435035928
GGP,6,-1.6611021646619952,0.30832291239171994
GILD,2,0.34025280634548466,0.41024627465221
GIS,6,-0.8223610026074364,-0.8946042590954165
GLW,1,0.14499599795741197,-0.5371164024455729
GM,2,0.7066458685851165,0.3996939359694119
GOOG,0,1.1820987839688712,-0.16802594139583396
GOOGL,0,1.075936345063142,-0.2505619655861355
GPC,2,-0.010059452969865199,0.12508247789161023
GPN,0,1.3160606194114068,-0.19030690828179464
GPS,4,0.6976911093627319,2.425341950595568
GRMN,0,1.3330942268195058,0.17174510811537902
GS,2,0.13745382592609254,-0.09202496095586282
GT,2,-0.4903092928597148,0.10982123725775192
GWW,3,-1.038506186603349,3.169759629938669
HAL,3,-1.2557471090719694,0.9936233770655709
HAS,6,-0.7891022252556579,0.1274381524981348
HBAN,2,0.45976791926076244,0.3828690040675425
HBI,6,-1.215223822048893,-0.0336708364533649
HCA,2,0.6129302762943414,0.7604340350466503
HCN,6,-1.5778422673940347,-1.6943254310260187
HCP,6,-2.113455865446008,-1.506238549311012
HD,7,1.6845625534809168,0.17554749627622238
HES,3,-1.8554710104074443,0.7408479314902283
HIG,0,0.7732991814538784,-1.0921312544960315
HII,2,0.2835786239150637,0.07894114295398083
HLT,7,2.0555661889008556,0.6339085446822806
HOG,6,-1.627622848337879,0.055506568541947965
HOLX,6,-0.46554583031581437,-0.22656316380975533
HON,0,1.351147768344379,-0.8991536207507791
HP,3,-1.1123428497111894,2.595123586274435
HPE,5,-4.414929183483164,1.426151103798587
HPQ,0,0.9851391151050918,0.15267367868982656
HRB,6,-1.375945629447794,0.33718648495125836
HRL,6,-0.8123647257926341,-0.8377491477918366
HRS,7,2.2449957662282927,0.3646603694823273
HSIC,6,-1.7794956207263484,-0.7328743318639811
HST,0,0.40746928618282974,-0.4470504993086749
HSY,1,-0.28463410413413825,-1.455672004330033
HUM,0,0.9042030380736963,-0.2773419117562211
IBM,1,-0.6239372599168168,-0.5675600059997777
ICE,0,0.8926085668121295,-0.287683293289444
IDXX,2,0.6870831158025946,0.28262774776950805
IFF,0,0.7550514298473017,-0.7834096694831911
ILMN,2,0.5879189133168105,0.7743521240578867
INCY,5,-4.385833298339626,0.03664425615230393
INFO,1,0.417565746786047,-0.9494676353685803
INTC,2,1.0752405956465596,0.5192734035517528
INTU,0,1.4904301573284995,0.18458699397826128
IP,0,0.6875030720154842,-0.44716981229308067
IPG,6,-1.439187877359006,0.11663811608652308
IQV,0,0.8951008890402529,-0.27112972600299584
IR,0,0.3990834796625739,-0.5425313961776801
IRM,6,-1.1531850151726482,-1.165751324026387
ISRG,7,2.246031190760027,1.2042281439838702
IT,1,0.32499312826232973,-0.6853211088371907
ITW,0,1.3946901852864766,-0.31855821329145917
IVZ,1,-0.020316850592249275,-0.7380229555340586
JBHT,2,0.8534136502181554,0.6172806188515386
JCI,6,-0.8252528287272795,-0.8029555606964562
JEC,2,0.5430339973630872,0.5403324938402878
JNJ,1,0.5869543808306245,-1.1762335987795975
JNPR,6,-1.2411069738604084,-0.6149031117287782
JPM,0,1.3630355890308001,0.08824021045584318
JWN,3,-1.1490336037854556,1.232760469094026
K,6,-1.1463542609191206,-0.9338794738041197
KEY,2,0.5155465908597134,0.3391097871803371
KHC,6,-1.4142412878128292,-1.4442765858024769
KIM,5,-3.795409928825592,-1.0364400267516953
KLAC,2,-0.08667931218985189,0.698036270523026
KMB,1,-0.6208292754247339,-1.3633756951417737
KMI,6,-1.6633368975938212,-1.2173206362911273
KMX,6,-0.767328494772932,-0.18379618933084457
KO,1,0.6779572312796793,-1.6502021755791836
KORS,4,1.913501011609874,3.1668304881003793
KR,3,-2.209535602448079,1.8691960308179567
KSS,4,1.3174165597013747,3.245335462171761
KSU,0,0.7309938762504382,-0.3695442526730079
L,1,0.4275342658698643,-1.5074957196584653
LB,3,-2.823760060445101,2.427046115241883
LEG,1,-0.6484879366114825,-0.9068623746705148
LEN,2,0.6283736720802716,0.6507538816348438
LH,0,1.0292242058959327,-0.3660330773143308
LKQ,0,1.0581629167283007,0.1064279835475426
LLL,0,1.4162303272123724,-0.33977088220568863
LLY,1,-0.1457425797596858,-1.3674895126357591
LMT,0,1.7886961033661053,-0.6384258945083174
LNC,2,0.2793126463228943,-0.1759908791732855
LNT,1,-0.27657488861603347,-1.645632697541868
LOW,7,1.1560566263755132,1.101099447311784
LRCX,2,0.18615738573642943,1.4347429887540877
LUK,1,-0.2671423880482299,-0.6895609808664847
LUV,2,-0.3941647713908628,0.11012259280231257
LYB,2,0.7013870307269653,0.5843962275074005
M,5,-3.5755468844632734,2.136827993370086
MA,7,2.607262085834254,0.49532403934344765
MAA,1,-0.9466954016367343,-1.7134540509887553
MAC,6,-1.2549489616534728,0.003657123893621189
MAR,7,2.4806703683076927,1.239992781184583
MAS,0,1.117864361329626,-0.13793294159053315
MAT,5,-4.489470148194629,1.8444340561719852
MCD,0,1.4138166889688886,-0.7522370740094181
MCHP,2,-0.2791051851686431,-0.12990074505412397
MCK,6,-0.6141851620406351,-0.027654503090685498
MCO,7,2.0187759368951887,0.24429554158376257
MDLZ,1,-0.17643476140689024,-0.8602971494523384
MDT,1,0.15744331552724475,-1.1482794682609563
MET,6,-0.8990060964498924,-0.6706867487288922
MGM,2,0.25020278790216843,0.4509430676047297
MHK,0,1.2327956272221214,-0.7939400086073111
MKC,1,0.2877315724435161,-0.538151131282385
MLM,6,-0.7502836726796253,0.06330909270948218
MMC,0,1.1540691587077063,-1.1121921839827082
MMM,0,1.3476192201893107,-0.37938849366494964
MNST,7,1.8764070329636464,0.6822063453855122
MO,1,-0.5776190370629466,-0.7491857883512518
MON,0,1.0681249107913242,-1.4500591822992668
MOS,3,-2.3421819448876158,1.3523107818086941
MPC,4,0.13471230353547817,1.9873320031656143
MRK,6,-1.4451539609458277,-0.458712087327538
MRO,3,-1.9697902838912167,3.7494047965791233
MS,2,0.7672305593876125,0.1628918243157677
MSFT,7,1.9562892506058476,0.1856011263690031
MSI,0,1.346447939882967,-0.12191475953265235
MTB,2,0.37819296590435175,-0.09314517064283136
MTD,0,1.3130200325139072,-0.149704273617795
MU,4,1.3548087988459205,3.8413204452148118
MYL,3,-1.2589433991849874,1.977391716853365
NAVI,3,-2.0935941616602447,0.859261299252994
NBL,3,-2.8335373460085194,0.9919410480872076
NCLH,2,-0.005719019984166768,-0.0348801646781635
NDAQ,0,0.8510294180030681,-1.289962733785894
NEE,0,0.9624794195632921,-1.2416842587326677
NEM,6,-0.4565649319703722,-0.2837916508211296
NFLX,4,2.5429636637246116,3.143899736452415
NFX,5,-3.4075541879277167,1.826462780371546
NI,1,-0.24443640690107019,-1.5810897518016391
NKE,2,0.3435539401902551,0.18972035816375524
NLSN,6,-1.2915960786773606,-0.852557372082706
NOC,7,2.2294176779359933,0.01604695281523222
NOV,3,-1.4189393950103129,0.5643989529780227
NRG,4,-0.43057454119172556,2.271440707642835
NSC,2,0.5911615098315465,0.7804716891094424
NTAP,7,1.4360262274866833,1.8924284442392454
NTRS,0,0.7495053619268032,-0.12506708139492864
NUE,2,-0.22193441943955985,0.34591240080822244
NVDA,4,1.137139502795351,3.622136656726097
NWL,5,-5.613584341930251,1.2164503700051075
NWS,0,1.0118073767466222,0.0776998292111792
NWSA,0,1.1187784790650848,0.09941659251745016
O,6,-1.3429747786486632,-1.5537631597080523
OKE,2,-0.20529320399500764,-0.04375535228439547
OMC,6,-1.0684710430999098,-0.8579818794141468
ORCL,0,0.496134173492382,-0.6037520334630879
ORLY,3,-1.668922083507911,1.785245150649586
OXY,2,0.24979186103588333,-0.2150622654079117
PAYX,0,0.8072029614252532,-0.2805876948341399
PBCT,1,0.09613498333652468,-0.4052431651588912
PCAR,1,-0.05305914619745105,-0.5561825690464972
PCG,5,-3.942091703087159,-1.1859262825104848
PCLN,2,-0.25593154161722537,-0.1871802007945793
PDCO,6,-2.14868194744402,-0.4584011418888276
PEG,1,0.7142075068895899,-1.0824904131777784
PEP,1,0.6857703796896458,-1.6423321644065143
PFE,1,0.6417102597011477,-1.0911005845976693
PFG,1,-0.08647427541075156,-0.8807704529423085
PG,1,-0.22067659965951889,-1.9409873130315445
PGR,0,1.5699576964043032,-0.26043158547524853
PH,0,0.8762200912726756,-0.10954248675376857
PHM,7,1.0985418506326496,0.5179310737100777
PKG,0,0.8954631916830241,-0.3929491481826706
PKI,0,1.6623884130319058,0.0835028237831911
PLD,0,0.6288038191809078,-0.863136110283384
PM,1,-0.751104155735246,-1.5108209583048342
PNC,0,1.1997354352071432,-0.022275902956536836
PNR,0,0.7546248494950472,-0.2827948132657053
PNW,1,-0.5271727630183883,-1.8636974848199892
PPG,0,0.7296471431603885,-0.5095928767784237
PPL,6,-1.347556998194213,-2.0433032318396434
PRGO,3,-0.23800742391263563,2.0463770337103235
PRU,1,0.04507815220619915,-0.7524536538448865
PSA,6,-0.9612230598995047,-1.2558850881199226
PSX,0,1.0346005772476339,-0.4004292370829037
PVH,7,2.343513555661149,0.8466540536205931
PWR,6,-0.9155364955427081,-0.659933532828924
PX,0,1.3870717527075993,-0.23024045069829777
PXD,3,-1.2412539755820602,1.714688242589185
PYPL,7,2.2735221972767934,1.6700300504039567
QCOM,2,0.5791129015895756,0.9148214986931479
QRVO,2,-0.45685875072149984,1.296265238547547
RCL,0,1.0098403792957287,0.0026293065023609737
RE,6,-0.8368259389760125,-0.47748046497974583
REG,6,-1.255707375319867,-1.3662289876730405
REGN,5,-2.8870311153605774,-0.4035844089806255
RF,2,0.9963994803145805,1.0328233755359097
RHI,2,0.983023898990658,0.6991405270728304
RHT,7,2.4587879582626275,1.1641064499569425
RJF,0,0.6598364642250908,-0.1415869672205256
RL,2,0.5343999264332996,1.5047485076809888
RMD,7,1.2352663341313768,0.9172477718441898
ROK,0,1.0090069728095097,-0.014843345582274653
ROP,0,1.7208037931897375,-0.3787496026189123
ROST,2,0.45082594690544336,1.5498351346367873
RRC,5,-4.980805251296342,0.8649979505986563
RSG,1,0.8827526909080435,-1.3947035214247698
RTN,0,1.8298887782357984,-0.48879828692736366
SBAC,7,1.9316423554965478,0.5023984387197894
SBUX,1,-0.2828036250807463,-0.8163585121581213
SCG,5,-4.9196041186324875,0.024911960220366347
SCHW,2,1.0561622343221198,0.7872594211462176
SEE,1,-0.5944239767172549,-0.9198257487631101
SHW,0,1.5845991230895358,-0.07131829692298741
SIG,5,-4.156312315463175,1.4792890313922458
SJM,6,-1.4950193186559702,-0.38264740711154077
SLB,6,-0.995131004823379,-0.3415353013651516
SLG,1,-0.8460764513607167,-1.3534671098687652
SNA,1,-0.23194149552491714,-0.4020795743615093
SNI,2,-0.31575874715390817,-0.09978111915500937
SNPS,0,1.4106590437613098,-0.3765924571565781
SO,1,-0.6413911593976703,-1.799990221538226
SPG,6,-0.9009495917349833,-0.9670071686907116
SPGI,7,1.8434781236130258,0.2654386103035209
SRCL,6,-1.2940756968392377,-0.23728695828112292
SRE,1,-0.23843835518487808,-1.6146594164599202
STI,2,0.7750252417413568,0.3133393784205873
STT,0,1.2629707390127347,-0.284858254743417
STX,3,-1.0402405568152069,3.534487533555172
STZ,0,1.4997124571870117,-0.36248431722239294
SWK,0,1.375095959059891,-0.3716751152680481
SWKS,6,-0.7046209836641013,0.08387830061342641
SYF,3,-0.6965670460827554,1.3204191696849001
SYK,0,1.0417355862602409,-0.6568679057778526
SYMC,6,-1.2340269146114182,-0.46079202192981755
SYY,0,0.7225250001256347,-0.3203055660235676
T,6,-0.9585219263939999,-0.8615458905762683
TAP,6,-1.559911365214261,-1.4953908340052098
TDG,2,-0.009769545140286107,0.07730224216883325
TEL,0,1.8394980688459663,-0.08742347837356967
TGT,3,-0.3716820521140769,1.6826687714179704
TIF,0,0.9069660981078258,0.21229839164922779
TJX,1,-0.04054748799473461,-0.564760139822356
TMK,0,0.8336947328689439,-1.1401696451468344
TMO,0,1.570691812003964,0.07724628118379301
TPR,2,-0.05941830667240253,0.7750714283965954
TRIP,5,-3.515880517176605,1.9422272331662753
TROW,7,2.0549902098325523,0.8758773842437716
TRV,0,0.9455404541528473,-0.6411169002502095
TSCO,3,-1.2519694011860065,1.1488594838376744
TSN,0,0.5866345275064316,-0.1550378463017681
TSS,7,2.5851857224119454,0.8102549249754565
TWX,1,-0.1491571016584622,-1.568377208438597
TXN,7,1.1746665441305053,0.6396639016386436
TXT,0,1.1903051972810823,-0.14409512684962747
UA,5,-5.0766795545520464,0.9405256705437408
UAA,5,-5.189227784090981,0.8644424305654126
UAL,6,-2.0366933191921754,0.6271451366940872
UDR,1,-0.49169890537298233,-1.704918004692788
UHS,2,-0.5883602671665639,0.18502632540867134
ULTA,5,-2.967275284711206,0.07394142662799685
UNH,0,1.5007967638737665,0.012579123092012118
UNM,1,0.12000166816166805,-0.8450078574017952
UNP,2,1.0368201994671717,0.3341885793339827
UPS,1,-0.025186031076249074,-0.9205829573579284
URI,4,1.0401891077036258,2.646636536306155
USB,1,0.3940292327726167,-1.1272856983136987
UTX,0,1.0195357747765805,-0.5429961966436787
V,0,1.9017405645989778,-0.2258130274281832
VAR,7,1.7090628048852654,0.5858245074914927
VFC,7,2.289132090461235,0.9997030012532575
VIAB,5,-3.7530930076413718,1.506215190589184
VLO,7,1.7883508132964523,0.7100443241502427
VMC,2,-0.11894995613709913,0.11081420039518325
VNO,5,-3.103906756364525,-0.4915538562032743
VRSK,0,1.0066533285876318,-0.4513838645463887
VRSN,0,1.47662411075252,-0.6428930388350454
VRTX,4,0.4440378757505423,2.1413839349620982
VTR,6,-1.5567086139188704,-1.5994334230219136
VZ,1,0.14424255790133828,-0.6071556636730393
WAT,0,1.562295761965316,-0.1678071593080545
WBA,6,-1.5309438222315785,-0.9078491989819139
WDC,2,-0.699295034450544,0.5317586939043847
WEC,1,0.10974210669827028,-1.6583783490901507
WFC,1,-0.0012697156798321813,-0.3242595791893575
WHR,6,-0.6571651062273588,-0.4906767926361408
WLTW,0,1.0896269187609626,-0.7376360361104378
WM,0,1.1015172211518613,-0.9739096337006571
WMB,1,-0.18556481834945,-0.6828965322766858
WMT,7,2.0463120385690683,0.6580654023021579
WRK,0,0.8666429441807486,0.0028214905749079644
WU,1,0.10600425731341698,-0.9479926382332515
WY,1,0.5282793026283047,-0.8463442976980133
WYN,7,1.629391815732383,0.4741882207692937
WYNN,4,1.7652873784508052,2.9002334790510784
XEC,6,-1.8231164531393766,0.2920737735147185
XEL,1,-0.26308869375312105,-1.7957772437603445
XL,6,-1.1991446588711394,-0.01908450458855565
XLNX,2,0.25083011253630216,-0.012159282488901173
XOM,1,-0.0723720027657686,-1.5030702996318026
XRAY,1,-0.42950466699404594,-0.2969133916008566
XRX,1,-0.4168968608479846,-0.5328258411208218
XYL,7,2.183165449388752,0.20866821656225165
YUM,0,1.1078004634511671,-0.8912107525864903
ZBH,1,-0.11576511292398659,-0.3797226543355683
ZION,2,0.7288239882576414,0.6064210512949506
ZTS,0,1.647262239914561,-0.03810877435171331
